run_id	phase	label	status	group_mean_macro_f1	group_worst_macro_f1	acc	macro_f1	f1_fake	ece	brier	train_loss	steps_done	n_train	n_eval	total_s	tokens_per_s	seed	config_json
001_baseline	1	baseline	ok	0.4437	0.3277	0.7473	0.5415	0.8487	0.0967	0.1846	0.6577	100	5000	3000	573.9	346.7	42	{"batch_size": 32, "class_weights": false, "clip": 1.0, "data_filter": "full", "dfr_weights": "cell", "drop_tiers": "", "eval_batch_size": 64, "eval_n": 3000, "freeze_layers": 6, "lr": 2e-05, "mask_entities": false, "max_length": 192, "seed": 42, "steps": 100, "train_n": 5000, "warmup_frac": 0.1, "weight_clip": 25.0, "weight_decay": 0.01}
002_dfr_off	1	dfr_off	ok	0.4622	0.3277	0.7587	0.5570	0.8559	0.0262	0.1633	0.5411	100	5000	3000	564.6	351.5	42	{"batch_size": 32, "class_weights": false, "clip": 1.0, "data_filter": "full", "dfr_weights": "off", "drop_tiers": "", "eval_batch_size": 64, "eval_n": 3000, "freeze_layers": 6, "lr": 2e-05, "mask_entities": false, "max_length": 192, "seed": 42, "steps": 100, "train_n": 5000, "warmup_frac": 0.1, "weight_clip": 25.0, "weight_decay": 0.01}
003_ml128	1	ml128	ok	0.4541	0.3196	0.7273	0.5929	0.8268	0.0814	0.1861	0.6500	100	5000	3000	457.5	369.0	42	{"batch_size": 32, "class_weights": false, "clip": 1.0, "data_filter": "full", "dfr_weights": "cell", "drop_tiers": "", "eval_batch_size": 64, "eval_n": 3000, "freeze_layers": 6, "lr": 2e-05, "mask_entities": false, "max_length": 128, "seed": 42, "steps": 100, "train_n": 5000, "warmup_frac": 0.1, "weight_clip": 25.0, "weight_decay": 0.01}
004_ml256	1	ml256	ok	0.5089	0.3385	0.7573	0.6115	0.8495	0.1219	0.1872	0.6543	100	5000	3000	649.1	343.6	42	{"batch_size": 32, "class_weights": false, "clip": 1.0, "data_filter": "full", "dfr_weights": "cell", "drop_tiers": "", "eval_batch_size": 64, "eval_n": 3000, "freeze_layers": 6, "lr": 2e-05, "mask_entities": false, "max_length": 256, "seed": 42, "steps": 100, "train_n": 5000, "warmup_frac": 0.1, "weight_clip": 25.0, "weight_decay": 0.01}
005_freeze0	1	freeze0	ok	0.4607	0.3277	0.7430	0.5656	0.8432	0.0983	0.1823	0.6545	100	5000	3000	746.6	249.9	42	{"batch_size": 32, "class_weights": false, "clip": 1.0, "data_filter": "full", "dfr_weights": "cell", "drop_tiers": "", "eval_batch_size": 64, "eval_n": 3000, "freeze_layers": 0, "lr": 2e-05, "mask_entities": false, "max_length": 192, "seed": 42, "steps": 100, "train_n": 5000, "warmup_frac": 0.1, "weight_clip": 25.0, "weight_decay": 0.01}
006_freeze4	1	freeze4	ok	0.4638	0.3277	0.7473	0.5631	0.8468	0.0908	0.1819	0.6543	100	5000	3000	608.4	318.7	42	{"batch_size": 32, "class_weights": false, "clip": 1.0, "data_filter": "full", "dfr_weights": "cell", "drop_tiers": "", "eval_batch_size": 64, "eval_n": 3000, "freeze_layers": 4, "lr": 2e-05, "mask_entities": false, "max_length": 192, "seed": 42, "steps": 100, "train_n": 5000, "warmup_frac": 0.1, "weight_clip": 25.0, "weight_decay": 0.01}
007_freeze8	1	freeze8	ok	0.4501	0.3277	0.7453	0.5495	0.8465	0.1203	0.1920	0.6643	100	5000	3000	497.3	410.6	42	{"batch_size": 32, "class_weights": false, "clip": 1.0, "data_filter": "full", "dfr_weights": "cell", "drop_tiers": "", "eval_batch_size": 64, "eval_n": 3000, "freeze_layers": 8, "lr": 2e-05, "mask_entities": false, "max_length": 192, "seed": 42, "steps": 100, "train_n": 5000, "warmup_frac": 0.1, "weight_clip": 25.0, "weight_decay": 0.01}
008_mask	1	mask	ok	0.5360	0.3254	0.7703	0.6340	0.8574	0.1052	0.1777	0.6539	100	5000	3000	558.3	364.4	42	{"batch_size": 32, "class_weights": false, "clip": 1.0, "data_filter": "full", "dfr_weights": "cell", "drop_tiers": "", "eval_batch_size": 64, "eval_n": 3000, "freeze_layers": 6, "lr": 2e-05, "mask_entities": true, "max_length": 192, "seed": 42, "steps": 100, "train_n": 5000, "warmup_frac": 0.1, "weight_clip": 25.0, "weight_decay": 0.01}
009_lr1e-5	1	lr1e-5	ok	0.3817	0.2966	0.7410	0.4551	0.8498	0.1294	0.1989	0.6790	100	5000	3000	540.9	368.1	42	{"batch_size": 32, "class_weights": false, "clip": 1.0, "data_filter": "full", "dfr_weights": "cell", "drop_tiers": "", "eval_batch_size": 64, "eval_n": 3000, "freeze_layers": 6, "lr": 1e-05, "mask_entities": false, "max_length": 192, "seed": 42, "steps": 100, "train_n": 5000, "warmup_frac": 0.1, "weight_clip": 25.0, "weight_decay": 0.01}
010_lr3e-5	1	lr3e-5	ok	0.5126	0.3277	0.7473	0.6354	0.8374	0.0546	0.1741	0.6427	100	5000	3000	542.8	366.9	42	{"batch_size": 32, "class_weights": false, "clip": 1.0, "data_filter": "full", "dfr_weights": "cell", "drop_tiers": "", "eval_batch_size": 64, "eval_n": 3000, "freeze_layers": 6, "lr": 3e-05, "mask_entities": false, "max_length": 192, "seed": 42, "steps": 100, "train_n": 5000, "warmup_frac": 0.1, "weight_clip": 25.0, "weight_decay": 0.01}
011_clip05	1	clip05	ok	0.4488	0.3277	0.7453	0.5488	0.8466	0.1026	0.1864	0.6587	100	5000	3000	542.3	367.4	42	{"batch_size": 32, "class_weights": false, "clip": 0.5, "data_filter": "full", "dfr_weights": "cell", "drop_tiers": "", "eval_batch_size": 64, "eval_n": 3000, "freeze_layers": 6, "lr": 2e-05, "mask_entities": false, "max_length": 192, "seed": 42, "steps": 100, "train_n": 5000, "warmup_frac": 0.1, "weight_clip": 25.0, "weight_decay": 0.01}
012_warmup0	1	warmup0	ok	0.5180	0.3492	0.7360	0.6442	0.8249	0.0889	0.1876	0.6474	100	5000	3000	546.9	363.3	42	{"batch_size": 32, "class_weights": false, "clip": 1.0, "data_filter": "full", "dfr_weights": "cell", "drop_tiers": "", "eval_batch_size": 64, "eval_n": 3000, "freeze_layers": 6, "lr": 2e-05, "mask_entities": false, "max_length": 192, "seed": 42, "steps": 100, "train_n": 5000, "warmup_frac": 0.0, "weight_clip": 25.0, "weight_decay": 0.01}
013_wd0	1	wd0	ok	0.4405	0.3277	0.7460	0.5368	0.8481	0.0950	0.1844	0.6577	100	5000	3000	544.6	366.2	42	{"batch_size": 32, "class_weights": false, "clip": 1.0, "data_filter": "full", "dfr_weights": "cell", "drop_tiers": "", "eval_batch_size": 64, "eval_n": 3000, "freeze_layers": 6, "lr": 2e-05, "mask_entities": false, "max_length": 192, "seed": 42, "steps": 100, "train_n": 5000, "warmup_frac": 0.1, "weight_clip": 25.0, "weight_decay": 0.0}
014_droptiers	1	droptiers	ok	0.4759	0.3492	0.7517	0.5690	0.8496	0.0221	0.1714	0.6190	100	4832	3000	558.9	368.1	42	{"batch_size": 32, "class_weights": false, "clip": 1.0, "data_filter": "full", "dfr_weights": "cell", "drop_tiers": "llm_local,corroborated", "eval_batch_size": 64, "eval_n": 3000, "freeze_layers": 6, "lr": 2e-05, "mask_entities": false, "max_length": 192, "seed": 42, "steps": 100, "train_n": 5000, "warmup_frac": 0.1, "weight_clip": 25.0, "weight_decay": 0.01}
015_informative	1	informative	ok	0.6172	0.4870	0.5290	0.5174	0.5922	0.0389	0.2533	0.6714	100	2027	3000	818.3	362.5	42	{"batch_size": 32, "class_weights": false, "clip": 1.0, "data_filter": "informative", "dfr_weights": "cell", "drop_tiers": "", "eval_batch_size": 64, "eval_n": 3000, "freeze_layers": 6, "lr": 2e-05, "mask_entities": false, "max_length": 192, "seed": 42, "steps": 100, "train_n": 5000, "warmup_frac": 0.1, "weight_clip": 25.0, "weight_decay": 0.01}
016_classweights	1	classweights	ok	0.5263	0.4402	0.7290	0.6702	0.8095	0.0589	0.1909	0.6347	100	5000	3000	545.1	365.6	42	{"batch_size": 32, "class_weights": true, "clip": 1.0, "data_filter": "full", "dfr_weights": "off", "drop_tiers": "", "eval_batch_size": 64, "eval_n": 3000, "freeze_layers": 6, "lr": 2e-05, "mask_entities": false, "max_length": 192, "seed": 42, "steps": 100, "train_n": 5000, "warmup_frac": 0.1, "weight_clip": 25.0, "weight_decay": 0.01}
017_batch16	1	batch16	ok	0.3719	0.3025	0.7400	0.4445	0.8497	0.0872	0.1871	0.6341	100	5000	3000	358.7	329.6	42	{"batch_size": 16, "class_weights": false, "clip": 1.0, "data_filter": "full", "dfr_weights": "cell", "drop_tiers": "", "eval_batch_size": 64, "eval_n": 3000, "freeze_layers": 6, "lr": 2e-05, "mask_entities": false, "max_length": 192, "seed": 42, "steps": 100, "train_n": 5000, "warmup_frac": 0.1, "weight_clip": 25.0, "weight_decay": 0.01}
018_seed43	1	seed43	ok	0.4658	0.3000	0.7323	0.6077	0.8288	0.0928	0.1912	0.6218	100	5000	3000	582.1	364.0	43	{"batch_size": 32, "class_weights": false, "clip": 1.0, "data_filter": "full", "dfr_weights": "cell", "drop_tiers": "", "eval_batch_size": 64, "eval_n": 3000, "freeze_layers": 6, "lr": 2e-05, "mask_entities": false, "max_length": 192, "seed": 43, "steps": 100, "train_n": 5000, "warmup_frac": 0.1, "weight_clip": 25.0, "weight_decay": 0.01}
019_max_length=128	2	max_length=128	ok	0.5790	0.4354	0.5047	0.4984	0.5546	0.0644	0.2553	0.6616	100	2027	3000	644.2	372.0	42	{"batch_size": 32, "class_weights": false, "clip": 1.0, "data_filter": "informative", "dfr_weights": "cell", "drop_tiers": "", "eval_batch_size": 64, "eval_n": 3000, "freeze_layers": 6, "lr": 2e-05, "mask_entities": false, "max_length": 128, "seed": 42, "steps": 100, "train_n": 5000, "warmup_frac": 0.1, "weight_clip": 25.0, "weight_decay": 0.01}
020_max_length=256	2	max_length=256	ok	0.6226	0.4998	0.5500	0.5394	0.6094	0.0212	0.2461	0.6649	100	2027	3000	988.8	344.7	42	{"batch_size": 32, "class_weights": false, "clip": 1.0, "data_filter": "informative", "dfr_weights": "cell", "drop_tiers": "", "eval_batch_size": 64, "eval_n": 3000, "freeze_layers": 6, "lr": 2e-05, "mask_entities": false, "max_length": 256, "seed": 42, "steps": 100, "train_n": 5000, "warmup_frac": 0.1, "weight_clip": 25.0, "weight_decay": 0.01}
021_freeze_layers=0	2	freeze_layers=0	ok	0.6244	0.5042	0.5397	0.5321	0.5915	0.0318	0.2487	0.6544	100	2027	3000	1289.1	255.7	42	{"batch_size": 32, "class_weights": false, "clip": 1.0, "data_filter": "informative", "dfr_weights": "cell", "drop_tiers": "", "eval_batch_size": 64, "eval_n": 3000, "freeze_layers": 0, "lr": 2e-05, "mask_entities": false, "max_length": 256, "seed": 42, "steps": 100, "train_n": 5000, "warmup_frac": 0.1, "weight_clip": 25.0, "weight_decay": 0.01}
022_freeze_layers=4	2	freeze_layers=4	ok	0.6220	0.5042	0.5507	0.5389	0.6126	0.0346	0.2495	0.6622	100	2027	3000	1084.8	310.4	42	{"batch_size": 32, "class_weights": false, "clip": 1.0, "data_filter": "informative", "dfr_weights": "cell", "drop_tiers": "", "eval_batch_size": 64, "eval_n": 3000, "freeze_layers": 4, "lr": 2e-05, "mask_entities": false, "max_length": 256, "seed": 42, "steps": 100, "train_n": 5000, "warmup_frac": 0.1, "weight_clip": 25.0, "weight_decay": 0.01}
023_freeze_layers=8	2	freeze_layers=8	ok	0.6159	0.4876	0.5417	0.5318	0.5997	0.0118	0.2470	0.6739	100	2027	3000	896.8	386.2	42	{"batch_size": 32, "class_weights": false, "clip": 1.0, "data_filter": "informative", "dfr_weights": "cell", "drop_tiers": "", "eval_batch_size": 64, "eval_n": 3000, "freeze_layers": 8, "lr": 2e-05, "mask_entities": false, "max_length": 256, "seed": 42, "steps": 100, "train_n": 5000, "warmup_frac": 0.1, "weight_clip": 25.0, "weight_decay": 0.01}
