rid,split,y_true,logit0,logit1,z,p_raw,p_cal,pred_05,pred_val_thr,group,channel,publisher,era,lang_variant,is_ptpt_rule,rating_class,label_tier,has_ufffd,mojibake_flag,in_training_pool
47773,val_sel,0,-0.28952375054359436,0.35143545269966125,0.6409592032432556,0.6549702576121671,0.7422091723187542,1,1,true,press_true,desconhecido,2018-2022,desconhecido,False,none,v1,False,False,False
11127,val_sel,1,-0.18179942667484283,0.32099491357803345,0.5027943402528763,0.623115786472859,0.5500303618623028,1,1,FakeWhatsApp.BR_2018,whatsapp,desconhecido,2018-2022,desconhecido,False,none,v1,False,False,False
822999201788172177,val_sel,1,-0.27827319502830505,0.23998691141605377,0.5182601064443588,0.6267408310872292,0.5736328257918928,1,1,FC_OBSERVADOR,agency_claim,observador,>=2023,pt-PT,True,false_pure,checker,False,False,False
1141794677364192208,val_sel,0,-0.2171163558959961,0.2257842868566513,0.4429006427526474,0.6089499783937952,0.45745894156436034,0,1,EXT_AVERITECBR,external_claim,ext_averitecbr,2018-2022,pt-BR,False,other,checker,False,False,False
29871,val_sel,1,-0.2642522156238556,0.2606765329837799,0.5249287486076355,0.628299548452472,0.5837137169250372,1,1,fakes,agency_claim,desconhecido,sem_data,desconhecido,False,none,v1,False,False,False
26335,val_sel,1,-0.009925859980285168,-0.07279011607170105,-0.06286425609141588,0.48428910964459504,0.03534667230774403,0,0,fakes,agency_claim,desconhecido,2018-2022,desconhecido,False,false_pure,v1,False,False,False
308437875600282013,val_sel,1,-0.32467764616012573,0.16521118581295013,0.48988883197307587,0.6200802436472115,0.5301565917542925,1,1,EXT_LIARBR,external_claim,ext_liarbr,sem_data,pt-BR,False,false_pure,checker,False,False,False
12987,val_sel,0,-0.20601886510849,0.3794997036457062,0.5855185687541962,0.642336237939608,0.6712234491522281,1,1,FakeWhatsApp.BR_2018,whatsapp,desconhecido,2018-2022,desconhecido,False,none,v1,False,False,False
42868,val_sel,1,-0.20688007771968842,0.2754068970680237,0.4822869747877121,0.6182877649420055,0.5184011229070573,1,1,fakes,agency_claim,desconhecido,2018-2022,desconhecido,False,false_pure,v1,False,False,False
37842,val_sel,1,-0.20166204869747162,0.4125167429447174,0.614178791642189,0.6488934506209032,0.7091854013210229,1,1,fakes,agency_claim,desconhecido,2018-2022,desconhecido,True,none,v1,False,False,False
111229503660212211,val_sel,1,-0.18537990748882294,0.23554609715938568,0.4209260046482086,0.6037048133965688,0.42388867442356465,0,1,FC_BOATOS,agency_claim,boatos,>=2023,pt-BR,False,false_pure,checker,False,False,False
585118454883874150,val_sel,1,-0.22077034413814545,0.15612949430942535,0.3768998384475708,0.5931251645966567,0.35897547183402057,0,0,FC_POLIGRAFO,agency_claim,poligrafo,>=2023,pt-BR,True,other,checker,False,False,False
31126,val_sel,1,-0.3712104856967926,0.18370582163333893,0.5549163073301315,0.6352754579046791,0.6280767531452474,1,1,fakes,agency_claim,desconhecido,sem_data,desconhecido,False,none,v1,False,False,False
2252,val_sel,1,-0.16526977717876434,0.3007705807685852,0.46604035794734955,0.6144461350671813,0.49322562383418367,0,1,Fake.br,portal,desconhecido,sem_data,desconhecido,False,none,v1,False,False,False
337226781333956128,val_sel,1,-0.11929474771022797,0.35338523983955383,0.4726799875497818,0.6160178770354795,0.5035173829659201,1,1,FC_EFARSAS,agency_claim,efarsas,2018-2022,pt-BR,False,hard,checker,False,False,False
48202,val_sel,0,-0.2661527693271637,0.2627754509449005,0.5289282202720642,0.6292331016898965,0.5897268034464654,1,1,true,press_true,desconhecido,2018-2022,desconhecido,True,none,v1,False,False,False
14395,val_sel,0,-0.23222191631793976,0.3502022325992584,0.5824241489171982,0.6416250120122496,0.6669754088057359,1,1,FakeWhatsApp.BR_2018,whatsapp,desconhecido,2018-2022,desconhecido,False,none,v1,False,False,False
30200,val_sel,1,-0.22924956679344177,0.2520030438899994,0.48125261068344116,0.6180436168832733,0.5167997211435712,1,1,fakes,agency_claim,desconhecido,sem_data,desconhecido,False,none,v1,False,False,False
8565,val_sel,0,-0.2737174332141876,0.2281147688627243,0.5018322020769119,0.6228898087846485,0.548553426908199,1,1,Fake.br,portal,desconhecido,sem_data,desconhecido,False,none,v1,False,False,False
148989097487637640,val_sel,1,-0.21814163029193878,0.17502129077911377,0.39316292107105255,0.5970438757142039,0.3824942755518026,0,0,FC_POLIGRAFO,agency_claim,poligrafo,>=2023,pt-BR,True,other,checker,False,False,False
6136,val_sel,1,-0.23523829877376556,0.3253525197505951,0.5605908185243607,0.6365892332638321,0.6362580643242582,1,1,Fake.br,portal,desconhecido,sem_data,desconhecido,False,none,v1,False,False,False
1017013022373182719,val_sel,1,-0.12392773479223251,0.23866578936576843,0.36259352415800095,0.5896681078231938,0.3388283720607683,0,0,FC_COMPROVA,agency_claim,comprova,>=2023,pt-BR,False,hard,checker,False,False,False
6194,val_sel,1,-0.20175312459468842,0.27030953764915466,0.4720626622438431,0.6158718445445264,0.5025604894597094,1,1,Fake.br,portal,desconhecido,sem_data,desconhecido,False,none,v1,False,False,False
14570,val_sel,0,-0.2437337189912796,0.3294127881526947,0.5731465071439743,0.6394888977881152,0.6540774716554735,1,1,FakeWhatsApp.BR_2018,whatsapp,desconhecido,2018-2022,desconhecido,False,none,v1,False,False,False
780040915714040425,val_sel,1,-0.11170610785484314,0.18572331964969635,0.2974294275045395,0.5738139990723525,0.25491487881384073,0,0,FC_ESTADAO,agency_claim,estadao,sem_data,pt-BR,False,false_pure,checker,False,False,False
7339,val_sel,0,-0.1511242687702179,0.2505697011947632,0.4016939699649811,0.5990945864747146,0.39506325517016505,0,1,Fake.br,portal,desconhecido,sem_data,desconhecido,False,none,v1,False,False,False
972141546540868535,val_sel,0,-0.18790967762470245,0.13183729350566864,0.3197469711303711,0.5792625858368597,0.28207559358452866,0,0,FC_POLIGRAFO,agency_claim,poligrafo,>=2023,pt-BR,True,true_rating,checker,False,False,False
40240,val_sel,1,-0.18893423676490784,0.1332843005657196,0.32221853733062744,0.5798648313420097,0.2851893631587693,0,0,fakes,agency_claim,desconhecido,2018-2022,desconhecido,False,none,v1,False,False,False
801000064154656139,val_sel,1,-0.17709040641784668,0.21455666422843933,0.391647070646286,0.5966791350653603,0.38027676654790626,0,0,FC_BOATOS,agency_claim,boatos.org,>=2023,pt-BR,False,false_pure,checker_match,False,False,False
14944,val_sel,0,-0.2414281964302063,0.36949998140335083,0.6109281778335571,0.6481525029076181,0.7050110668366071,1,1,FakeWhatsApp.BR_2018,whatsapp,desconhecido,2018-2022,desconhecido,False,none,v1,False,False,False
248688934464138900,val_sel,1,-0.18697763979434967,0.22126398980617523,0.4082416296005249,0.6006661797639544,0.40480602998720167,0,1,FC_AFP,agency_claim,afp,>=2023,pt-BR,False,false_pure,checker,False,False,False
182015744965577312,val_sel,1,-0.20806729793548584,0.17501629889011383,0.38308359682559967,0.5946166131829448,0.3678453739988071,0,0,EXT_AVERITECBR,external_claim,ext_averitecbr,2018-2022,pt-BR,False,other,checker,False,False,False
338890201332002061,val_sel,1,-0.12536050379276276,0.20488469302654266,0.3302451968193054,0.5818190358087677,0.29544263051269193,0,0,EXT_LIARBR,external_claim,ext_liarbr,sem_data,pt-BR,False,false_pure,checker,False,False,False
33723,val_sel,1,-0.17628887295722961,0.21750886738300323,0.39379774034023285,0.5971965926989545,0.38342440218525503,0,0,fakes,agency_claim,desconhecido,2018-2022,desconhecido,False,none,v1,False,False,False
168101304663625458,val_sel,1,-0.10484291613101959,0.18167619407176971,0.2865191102027893,0.5711437407187621,0.24228032871911453,0,0,FC_TATU,agency_claim,tatu,>=2023,pt-BR,False,false_pure,checker,False,False,False
453729407311361893,val_sel,0,-0.2032000571489334,0.13658960163593292,0.33978965878486633,0.584139427634799,0.3079086539513733,0,0,EXT_AVERITECBR,external_claim,ext_averitecbr,2018-2022,pt-BR,False,other,checker,False,False,False
28767,val_sel,1,-0.2313668578863144,0.38321661949157715,0.6145834773778915,0.6489856449152517,0.7097026405477213,1,1,fakes,agency_claim,desconhecido,2018-2022,desconhecido,False,none,v1,False,False,False
717850728429683965,val_sel,1,-0.2669598162174225,0.2911393642425537,0.5580991804599762,0.6360126133456236,0.6326750886009364,1,1,FC_COMPROVA,agency_claim,comprova,>=2023,pt-BR,False,other,checker,False,False,False
7919,val_sel,0,-0.17539440095424652,0.20470868051052094,0.38010308146476746,0.5938979646894316,0.3635585666911981,0,0,Fake.br,portal,desconhecido,sem_data,desconhecido,False,none,v1,False,False,False
695999586969565800,val_sel,1,-0.24298764765262604,0.28556540608406067,0.5285530537366867,0.6291455715425772,0.5891638606574935,1,1,FC_POLIGRAFO,agency_claim,poligrafo,2018-2022,pt-BR,True,false_pure,checker,False,False,False
8411,val_sel,0,-0.18695034086704254,0.26320430636405945,0.450154647231102,0.610676002084864,0.46864164179251494,0,1,Fake.br,portal,desconhecido,sem_data,desconhecido,False,none,v1,False,False,False
47761,val_sel,0,-0.1637129932641983,0.24104036390781403,0.40475335717201233,0.599829167623525,0.3996056938160182,0,1,true,press_true,desconhecido,2018-2022,desconhecido,False,none,v1,False,False,False
42752,val_sel,1,-0.16245223581790924,0.1940310150384903,0.35648325085639954,0.588188862482048,0.33039337704858346,0,0,fakes,agency_claim,desconhecido,2018-2022,desconhecido,False,false_pure,v1,False,False,False
632761828359977810,val_sel,1,-0.17585135996341705,0.36840447783470154,0.5442558377981186,0.6328018775215456,0.6125098948077331,1,1,FC_EFARSAS,agency_claim,efarsas,2018-2022,pt-BR,False,false_pure,checker,False,False,False
2306,val_sel,1,-0.19458816945552826,0.2774253785610199,0.47201354801654816,0.6158602253431623,0.5024843583842721,1,1,Fake.br,portal,desconhecido,sem_data,desconhecido,False,none,v1,False,False,False
31902,val_sel,1,-0.19379036128520966,0.1553877741098404,0.34917813539505005,0.5864182647140236,0.3204506272238052,0,0,fakes,agency_claim,desconhecido,2018-2022,desconhecido,False,false_pure,v1,False,False,False
1029601223355814321,val_sel,0,-0.1848088949918747,0.3009028732776642,0.4857117682695389,0.6190957155185224,0.5237005082340916,1,1,NEWS_OECO,press_true,oeco,<=2017,pt-BR,False,none,llm_local,False,False,False
866562627085567810,val_sel,1,-0.27434787154197693,0.27567893266677856,0.5500268042087555,0.6341418097697432,0.620967684704578,1,1,FC_TATU,agency_claim,tatu,>=2023,pt-BR,False,false_pure,checker,False,False,False
41339,val_sel,1,-0.24101513624191284,0.18278451263904572,0.42379964888095856,0.6043921140107542,0.4282457468929985,0,1,fakes,agency_claim,desconhecido,2018-2022,desconhecido,True,hard,v1,False,False,False
24701,val_sel,1,-0.16302575170993805,0.26230770349502563,0.4253334552049637,0.6047587918265794,0.43057593977960945,0,1,fakes,agency_claim,desconhecido,sem_data,desconhecido,False,none,v1,False,False,False
34740,val_sel,1,-0.23530171811580658,0.2477038949728012,0.4830056130886078,0.6184573549099923,0.5195134976691859,1,1,fakes,agency_claim,desconhecido,sem_data,desconhecido,False,false_pure,v1,False,False,False
27375,val_sel,1,-0.3226303160190582,0.35869231820106506,0.6813226342201233,0.6640338316992366,0.7871373213298567,1,1,fakes,agency_claim,desconhecido,2018-2022,desconhecido,False,none,v1,False,False,False
839740608547114302,val_sel,1,-0.14762549102306366,0.18785104155540466,0.3354765325784683,0.5830913018714093,0.3022390583720141,0,0,FC_POLIGRAFO,agency_claim,poligrafo,2018-2022,pt-BR,True,false_pure,checker,False,False,False
33567,val_sel,1,-0.24490508437156677,0.203256294131279,0.44816137850284576,0.6102019963930928,0.4655652182307369,0,1,fakes,agency_claim,desconhecido,2018-2022,desconhecido,False,false_pure,v1,False,False,False
75924633091663127,val_sel,1,-0.21088610589504242,0.158681258559227,0.3695673644542694,0.5913544342972371,0.3485818798905157,0,0,EXT_LIARBR,external_claim,ext_liarbr,sem_data,pt-BR,False,false_pure,checker,False,False,False
1105786806516705468,val_sel,0,-0.25725629925727844,0.21099011600017548,0.4682464152574539,0.6149686225105511,0.49664491620010437,0,1,EXT_LIARBR,external_claim,ext_liarbr,sem_data,pt-BR,False,true_rating,checker,False,False,False
893485576311849960,val_sel,1,-0.22488708794116974,0.36912161111831665,0.5940086990594864,0.6442843978702564,0.6827344094654624,1,1,FC_BOATOS,agency_claim,boatos,<=2017,pt-BR,False,false_pure,checker,False,False,False
27053,val_sel,1,-0.2689681351184845,0.4522233009338379,0.7211914360523224,0.6728693254344832,0.8256291559548601,1,1,fakes,agency_claim,desconhecido,2018-2022,desconhecido,False,none,v1,False,False,False
90138151600313469,val_sel,1,-0.15905646979808807,0.22716756165027618,0.38622403144836426,0.5953733822285413,0.372384887812755,0,0,FC_POLIGRAFO,agency_claim,poligrafo,>=2023,pt-BR,True,false_pure,checker,False,False,False
15150,val_sel,0,-0.16544361412525177,0.2557207942008972,0.421164408326149,0.603761848948408,0.42424970639036325,0,1,FakeWhatsApp.BR_2018,whatsapp,desconhecido,2018-2022,desconhecido,False,none,v1,False,False,False
786555952002836171,val_sel,1,-0.1693895310163498,0.266520619392395,0.4359101504087448,0.6072840711412696,0.446722749746743,0,1,FC_POLIGRAFO,agency_claim,poligrafo,>=2023,pt-BR,True,other,checker,False,False,False
665328202362872267,val_sel,1,-0.20676903426647186,0.2052093744277954,0.4119784086942673,0.6015621691302879,0.41040061778758147,0,1,FC_BOATOS,agency_claim,boatos,<=2017,pt-BR,False,false_pure,checker,False,False,False
13663,val_sel,0,-0.25039926171302795,0.309786856174469,0.560186117887497,0.6364956032756858,0.6356771199558495,1,1,FakeWhatsApp.BR_2018,whatsapp,desconhecido,2018-2022,desconhecido,False,none,v1,False,False,False
213676709492555977,val_sel,1,-0.23730681836605072,0.26639625430107117,0.5037030726671219,0.6233291715796259,0.5514245071290234,1,1,FC_POLIGRAFO,agency_claim,poligrafo,2018-2022,pt-BR,True,other,checker,False,False,False
539347323640602377,val_sel,1,-0.1748635619878769,0.1981755644083023,0.3730391263961792,0.5921931338877581,0.353485777037471,0,0,FC_G1,agency_claim,g1,2018-2022,pt-BR,False,false_pure,checker,False,False,False
224196240724488458,val_sel,0,-0.16396254301071167,0.2304939180612564,0.3944564610719681,0.5973550396797632,0.3843904515924835,0,0,EXT_LIARBR,external_claim,ext_liarbr,sem_data,pt-BR,False,true_rating,checker,False,False,False
11532,val_sel,0,-0.29121318459510803,0.30165809392929077,0.5928712785243988,0.6440236787838985,0.6812048027667619,1,1,FakeWhatsApp.BR_2018,whatsapp,desconhecido,2018-2022,desconhecido,False,none,v1,False,False,False
925111270973045895,val_sel,1,-0.2753818929195404,0.28974831104278564,0.565130203962326,0.6376387375128019,0.642746775728593,1,1,FC_EFARSAS,agency_claim,efarsas,<=2017,pt-BR,False,false_pure,checker,False,False,False
29391,val_sel,1,-0.23272331058979034,0.30565598607063293,0.5383792966604233,0.6314353203568834,0.6038271500196855,1,1,fakes,agency_claim,desconhecido,sem_data,desconhecido,False,none,v1,False,False,False
48332,val_sel,0,-0.19826753437519073,0.1793488711118698,0.37761640548706055,0.593298080528705,0.3599985137683033,0,0,true,press_true,desconhecido,2018-2022,desconhecido,True,hard,v1,False,False,False
1040,val_sel,0,-0.29388174414634705,0.3836945593357086,0.6775763034820557,0.6631975389581405,0.7832192837503823,1,1,COVID19.BR,covid,desconhecido,sem_data,desconhecido,False,none,v1,False,False,False
1048682319750758281,val_sel,1,-0.21020911633968353,0.2055746167898178,0.41578373312950134,0.602473895334864,0.41612174133895186,0,1,FC_POLIGRAFO,agency_claim,poligrafo,>=2023,pt-BR,True,false_pure,checker,False,False,False
758964065788663465,val_sel,1,-0.17955343425273895,0.2077980488538742,0.38735148310661316,0.5956449605190497,0.37402017830608164,0,0,FC_BOATOS_VIRAL,social,boatos,<=2017,pt-BR,False,false_pure,checker,False,False,False
751710197585642432,val_sel,1,-0.27365222573280334,0.3272768259048462,0.6009290516376495,0.6458688298246064,0.6919552503007392,1,1,FC_EFARSAS,agency_claim,efarsas,2018-2022,pt-BR,False,false_pure,checker,False,False,False
969321821177084644,val_sel,0,-0.2132268249988556,0.16214390099048615,0.37537072598934174,0.5927560949151992,0.3567966536414218,0,0,EXT_LIARBR,external_claim,ext_liarbr,sem_data,pt-BR,False,true_rating,checker,False,False,False
32656,val_sel,1,-0.16729967296123505,0.24175898730754852,0.40905866026878357,0.600862141775624,0.40602720556158145,0,1,fakes,agency_claim,desconhecido,2018-2022,desconhecido,False,none,v1,False,False,False
3409,val_sel,0,-0.2131832093000412,0.3003796637058258,0.513562873005867,0.625641322957571,0.5664946505848472,1,1,Fake.br,portal,desconhecido,sem_data,desconhecido,False,none,v1,False,False,False
6738,val_sel,1,-0.19210629165172577,0.1791703701019287,0.3712766617536545,0.591767428864271,0.3509923479858363,0,0,Fake.br,portal,desconhecido,sem_data,desconhecido,False,none,v1,False,False,False
4441,val_sel,0,-0.1805664449930191,0.16919375956058502,0.3497602045536041,0.5865594279386944,0.3212370633819011,0,0,Fake.br,portal,desconhecido,sem_data,desconhecido,False,none,v1,False,False,False
27549,val_sel,1,-0.27316269278526306,0.33896899223327637,0.6121316850185394,0.648426914765673,0.7065606330015988,1,1,fakes,agency_claim,desconhecido,2018-2022,desconhecido,False,none,v1,False,False,False
1127295436995408412,val_sel,0,-0.2554520070552826,0.17498695850372314,0.43043896555900574,0.6059784844809913,0.43835396943141586,0,1,EXT_LIARBR,external_claim,ext_liarbr,sem_data,pt-BR,False,true_rating,checker,False,False,False
4882,val_sel,1,-0.19008146226406097,0.19514772295951843,0.3852291852235794,0.5951336971532258,0.3709443522847013,0,0,Fake.br,portal,desconhecido,sem_data,desconhecido,False,none,v1,False,False,False
349053926446644302,val_sel,1,-0.19408968091011047,0.2392248958349228,0.43331457674503326,0.606664880371237,0.4427484707548038,0,1,FC_ESTADAO,agency_claim,estadao,sem_data,pt-BR,False,false_pure,checker,False,False,False
523046684462196405,val_sel,1,-0.2837044596672058,0.20274797081947327,0.4864524304866791,0.6192703602625186,0.5248459182270753,1,1,FC_EFARSAS,agency_claim,efarsas,<=2017,pt-BR,False,false_pure,checker,False,False,False
37294,val_sel,1,-0.24595408141613007,0.10052679479122162,0.3464808762073517,0.5857639412417072,0.31681969399868487,0,0,fakes,agency_claim,desconhecido,2018-2022,desconhecido,True,none,v1,False,False,False
415167429857985149,val_sel,1,-0.17862030863761902,0.22657407820224762,0.40519438683986664,0.5999350251369977,0.40026196103005446,0,1,FC_BOATOS,agency_claim,boatos,<=2017,pt-BR,False,false_pure,checker,False,False,False
150022131496203486,val_sel,0,-0.193882554769516,0.27983152866363525,0.47371408343315125,0.6162624525584979,0.50512023612278,1,1,NEWS_OECO,press_true,oeco,<=2017,pt-BR,False,none,llm_local,False,False,False
43300,val_sel,1,-0.11763967573642731,0.15388579666614532,0.27152547240257263,0.5674673678180236,0.22562430783484097,0,0,fakes,agency_claim,desconhecido,2018-2022,desconhecido,False,none,v1,False,False,False
778163463732067925,val_sel,0,-0.16089214384555817,0.14460861682891846,0.3055007606744766,0.5757866696720503,0.2645363192860772,0,0,FC_POLIGRAFO,agency_claim,poligrafo,2018-2022,pt-BR,True,true_rating,checker,False,False,False
458439268542293454,val_sel,1,-0.24347493052482605,0.23176752030849457,0.4752424508333206,0.6166238212481989,0.507489009974802,1,1,FC_UOL,agency_claim,uol,sem_data,pt-BR,False,false_pure,checker,False,False,False
2807,val_sel,0,-0.2149319052696228,0.22544190287590027,0.44037380814552307,0.608348098139373,0.4535730650467835,0,1,Fake.br,portal,desconhecido,sem_data,desconhecido,False,none,v1,False,False,False
25376,val_sel,1,-0.31036752462387085,0.32223865389823914,0.63260617852211,0.6530801701696484,0.7321757870167471,1,1,fakes,agency_claim,desconhecido,2018-2022,desconhecido,False,none,v1,False,False,False
1859,val_sel,0,-0.3494545519351959,0.3940359055995941,0.74349045753479,0.6777586511716746,0.8446479588307457,1,1,COVID19.BR,covid,desconhecido,sem_data,desconhecido,False,none,v1,False,False,False
64601351634673421,val_sel,0,-0.2330523431301117,0.20712436735630035,0.44017671048641205,0.608301136512468,0.45327019116661993,0,1,FC_POLIGRAFO,agency_claim,poligrafo,>=2023,pt-BR,True,true_rating,checker,False,False,False
1043638527570985045,val_sel,1,-0.24052320420742035,0.2937273681163788,0.5342505723237991,0.6304739436555139,0.5976871124021123,1,1,FC_EFARSAS,agency_claim,efarsas,2018-2022,pt-BR,False,false_pure,checker,False,False,False
275758368928316150,val_sel,1,-0.314860463142395,0.33496055006980896,0.649821013212204,0.6569701272764935,0.7525818833130736,1,1,FC_BOATOS,agency_claim,boatos,>=2023,pt-BR,False,false_pure,checker,False,False,False
26446,val_sel,1,-0.232440784573555,0.20410870015621185,0.43654948472976685,0.6074365356025857,0.4477027490356092,0,1,fakes,agency_claim,desconhecido,2018-2022,desconhecido,False,none,v1,False,False,False
34487,val_sel,1,-0.18973995745182037,0.2871684432029724,0.4769084006547928,0.6170175733343859,0.5100706323796161,1,1,fakes,agency_claim,desconhecido,2018-2022,desconhecido,False,false_pure,v1,False,False,False
41754,val_sel,1,-0.17592796683311462,0.19803127646446228,0.3739592432975769,0.5924153236477832,0.3547906875349626,0,0,fakes,agency_claim,desconhecido,2018-2022,desconhecido,True,false_pure,v1,False,False,False
4886,val_sel,1,-0.2520391643047333,0.22108429670333862,0.4731234610080719,0.6161227707831702,0.504204779548352,1,1,Fake.br,portal,desconhecido,sem_data,desconhecido,False,none,v1,False,False,False
100144311397855662,val_sel,1,-0.14333167672157288,0.14881964027881622,0.2921513170003891,0.5725227291864803,0.248748967467495,0,0,FC_EFARSAS,agency_claim,efarsas,>=2023,pt-BR,False,false_pure,checker,False,False,False
16925,val_sel,0,-0.22136349976062775,0.294087678194046,0.5154511779546738,0.6260834858658173,0.5693677136261234,1,1,FakeWhatsApp.BR_2018,whatsapp,desconhecido,2018-2022,desconhecido,False,false_pure,v1,False,False,False
31349,val_sel,1,-0.2019670456647873,0.28149428963661194,0.48346133530139923,0.6185648848963294,0.5202188070895815,1,1,fakes,agency_claim,desconhecido,sem_data,desconhecido,False,none,v1,False,False,False
7030,val_sel,1,-0.2058207243680954,0.32352423667907715,0.5293449610471725,0.6293303215775526,0.5903518534746054,1,1,Fake.br,portal,desconhecido,sem_data,desconhecido,False,none,v1,False,False,False
855753898377897698,val_sel,1,-0.3111885190010071,0.3368755280971527,0.6480640470981598,0.656574067599004,0.7505478095531447,1,1,FC_BOATOS,agency_claim,boatos,2018-2022,pt-BR,False,false_pure,checker,False,False,False
17268,val_sel,0,-0.12660039961338043,0.2710449993610382,0.39764539897441864,0.5981218106890837,0.38907998271404615,0,0,Fake.br_raw,portal,desconhecido,sem_data,desconhecido,False,none,v1,False,False,False
35384,val_sel,1,-0.18924756348133087,0.2343588024377823,0.42360636591911316,0.6043458986802763,0.4279523305285296,0,1,fakes,agency_claim,desconhecido,2018-2022,desconhecido,True,none,v1,False,False,False
403855659975714938,val_sel,1,-0.21065865457057953,0.25179392099380493,0.46245257556438446,0.6135958337220054,0.4876662137035902,0,1,FC_BOATOS,agency_claim,boatos,2018-2022,pt-BR,False,false_pure,checker,False,False,False
587400713475119815,val_sel,1,-0.2243141382932663,0.2724629044532776,0.4967770427465439,0.6217016258868757,0.5407800151243654,1,1,FC_BOATOS,agency_claim,boatos,<=2017,pt-BR,False,false_pure,checker,False,False,False
583551685076243054,val_sel,1,-0.2033938318490982,0.2979290783405304,0.5013229101896286,0.6227701696053338,0.5477712878431222,1,1,FC_BOATOS,agency_claim,boatos,2018-2022,pt-BR,False,false_pure,checker,False,False,False
247106613625355677,val_sel,1,-0.17544324696063995,0.3036177158355713,0.47906096279621124,0.6175261103037258,0.5134055135825748,1,1,FC_ESTADAO,agency_claim,estadao,sem_data,pt-BR,False,false_pure,checker,False,False,False
689,val_sel,1,-0.19621768593788147,0.20320390164852142,0.3994215875864029,0.5985486823853399,0.39170096736109444,0,1,COVID19.BR,covid,desconhecido,sem_data,desconhecido,False,none,v1,False,False,False
163254602059947411,val_sel,1,-0.199684277176857,0.32449814677238464,0.5241824239492416,0.6281252356866058,0.582588819340254,1,1,FC_ESTADAO,agency_claim,estadao,sem_data,pt-BR,False,false_pure,checker,False,False,False
964936668230786224,val_sel,1,-0.279670387506485,0.40906503796577454,0.6887354254722595,0.6656855568357918,0.7947368710340482,1,1,FC_EFARSAS,agency_claim,efarsas,<=2017,pt-BR,False,false_pure,checker,False,False,False
735125708498906166,val_sel,1,-0.18842537701129913,0.13877059519290924,0.3271959722042084,0.5810769576837801,0.2915223661576807,0,0,FC_AFP,agency_claim,afp,>=2023,pt-BR,False,false_pure,checker,False,False,False
936989830151010825,val_sel,1,-0.2267799973487854,0.21545562148094177,0.4422356188297272,0.6087916048430495,0.4564357171292981,0,1,FC_POLIGRAFO,agency_claim,poligrafo,2018-2022,pt-BR,True,other,checker,False,False,False
906778028345115936,val_sel,1,-0.2114587277173996,0.18719948828220367,0.39865821599960327,0.5983652394421194,0.3905737437455547,0,1,FC_BOATOS,agency_claim,boatos,<=2017,pt-BR,False,false_pure,checker,False,False,False
44350,val_sel,1,-0.18844746053218842,0.2827198803424835,0.47116734087467194,0.6156600130797444,0.5011726529068093,1,1,fakes,agency_claim,desconhecido,<=2017,desconhecido,False,true_rating,v1,False,False,False
421298728757216750,val_sel,1,-0.17222687602043152,0.2192232757806778,0.3914501518011093,0.5966317450239338,0.3799890618124536,0,0,EXT_LIARBR,external_claim,ext_liarbr,sem_data,pt-BR,False,false_pure,checker,False,False,False
348224008296247659,val_sel,0,-0.21018359065055847,0.17315278947353363,0.3833363801240921,0.594677544557112,0.3682099201929225,0,0,EXT_AVERITECBR,external_claim,ext_averitecbr,2018-2022,pt-BR,False,other,checker,False,False,False
443205828820401809,val_sel,1,-0.18862363696098328,0.27299702167510986,0.46162065863609314,0.613398570926745,0.48637751103358084,0,1,FC_AFP,agency_claim,afp,2018-2022,pt-BR,False,false_pure,checker,False,False,False
37695105858869703,val_sel,1,-0.22650259733200073,0.16750264167785645,0.3940052390098572,0.5972465060827299,0.38372861126716984,0,0,FC_BOATOS,agency_claim,boatos,>=2023,pt-BR,False,false_pure,checker,False,False,False
486483523539322624,val_sel,1,-0.22296454012393951,0.327697217464447,0.5506617575883865,0.6342891101964973,0.6218938860907475,1,1,FC_OBSERVADOR,agency_claim,observador,>=2023,pt-PT,True,false_pure,checker,False,False,False
32771,val_sel,1,-0.19168804585933685,0.2855217754840851,0.47720982134342194,0.6170887986063905,0.5105376725585156,1,1,fakes,agency_claim,desconhecido,2018-2022,desconhecido,False,false_pure,v1,False,False,False
257160441309541346,val_sel,1,-0.23928925395011902,0.3392576277256012,0.5785468816757202,0.6407329753321075,0.6616141912841652,1,1,FC_POLIGRAFO,agency_claim,poligrafo,>=2023,pt-BR,True,false_pure,checker,False,False,False
1137,val_sel,1,-0.32946643233299255,0.38706129789352417,0.7165277302265167,0.6718419418208093,0.8214267886865579,1,1,COVID19.BR,covid,desconhecido,sem_data,desconhecido,False,none,v1,False,False,False
1021356727130703779,val_sel,1,-0.25797733664512634,0.3346308171749115,0.5926081538200378,0.6439633532704427,0.6808503934694337,1,1,FC_ESTADAO,agency_claim,estadao,sem_data,pt-BR,False,false_pure,checker,False,False,False
724699307418765984,val_sel,1,-0.21550507843494415,0.24645262956619263,0.4619577080011368,0.613478496015148,0.4868996053083042,0,1,FC_EFARSAS,agency_claim,efarsas,>=2023,pt-BR,False,false_pure,checker,False,False,False
3948,val_calib,1,-0.23912043869495392,0.16081158816814423,0.39993202686309814,0.5986713287263431,0.392455347197729,0,1,Fake.br,portal,desconhecido,sem_data,desconhecido,False,none,v1,False,False,False
42856,val_calib,1,-0.26178738474845886,0.16082152724266052,0.4226089119911194,0.6041073707367817,0.4264389390077218,0,1,fakes,agency_claim,desconhecido,2018-2022,desconhecido,False,none,v1,False,False,False
34615,val_calib,1,-0.15820929408073425,0.3462933599948883,0.5045026540756226,0.6235168867100016,0.5526505294838143,1,1,fakes,agency_claim,desconhecido,2018-2022,desconhecido,False,hard,v1,False,False,False
14892,val_calib,0,-0.29019132256507874,0.21263237297534943,0.5028236955404282,0.623122680317152,0.5500754101150621,1,1,FakeWhatsApp.BR_2018,whatsapp,desconhecido,2018-2022,desconhecido,False,none,v1,False,False,False
368528929749684488,val_calib,0,-0.1410069465637207,0.19397610425949097,0.33498305082321167,0.5829713335950354,0.30159416044469256,0,0,EXT_LIARBR,external_claim,ext_liarbr,sem_data,pt-BR,False,true_rating,checker,False,False,False
499915258372567731,val_calib,1,-0.24003344774246216,0.21987850964069366,0.4599119573831558,0.612993289775581,0.4837311894961262,0,1,FC_ESTADAO,agency_claim,estadao,sem_data,pt-BR,False,hard,checker,False,False,False
5026,val_calib,1,-0.2165278047323227,0.24529151618480682,0.4618193209171295,0.6134456807904233,0.4866852382169436,0,1,Fake.br,portal,desconhecido,sem_data,desconhecido,False,none,v1,False,False,False
241868873821357523,val_calib,1,-0.22445616126060486,0.2628413140773773,0.4872974753379822,0.6194695802673972,0.5261524326679641,1,1,FC_G1,agency_claim,g1,2018-2022,pt-BR,False,false_pure,checker,False,False,False
858707248669825061,val_calib,1,-0.18955351412296295,0.27810680866241455,0.4676603227853775,0.6148298368886129,0.49573645471882294,0,1,FC_BOATOS,agency_claim,boatos,2018-2022,pt-BR,False,false_pure,checker_match,False,False,False
318,val_calib,1,-0.3503818213939667,0.34154367446899414,0.6919254958629608,0.6663951259226925,0.7979447771710284,1,1,COVID19.BR,covid,desconhecido,sem_data,desconhecido,False,none,v1,False,False,False
14713990696174356,val_calib,1,-0.18859367072582245,0.23305055499076843,0.4216442257165909,0.6038766316150086,0.4249765734077,0,1,FC_BOATOS,agency_claim,boatos,>=2023,pt-BR,False,false_pure,checker,False,False,False
332132409506829898,val_calib,1,-0.21159768104553223,0.12017752975225449,0.3317752107977867,0.5821912501792468,0.29742119843515197,0,0,FC_EFARSAS,agency_claim,efarsas,2018-2022,pt-BR,False,hard,checker,False,False,False
260390843798532547,val_calib,1,-0.26920101046562195,0.24504856765270233,0.5142495781183243,0.6258021452040979,0.5675400028140658,1,1,FC_POLIGRAFO,agency_claim,poligrafo,>=2023,pt-BR,True,other,checker,False,False,False
649256611881344922,val_calib,1,-0.21672497689723969,0.21008612215518951,0.4268110990524292,0.6051119317982337,0.4328237224879512,0,1,FC_BOATOS,agency_claim,boatos,>=2023,pt-BR,False,false_pure,checker,False,False,False
184889072109323722,val_calib,1,-0.2586607038974762,0.3436414897441864,0.6023021936416626,0.6461828350565351,0.6937670957269374,1,1,FC_BOATOS_VIRAL,social,boatos,<=2017,pt-BR,False,false_pure,checker,False,False,False
326725509824902262,val_calib,1,-0.17637354135513306,0.2564285099506378,0.4328020513057709,0.6065425735330152,0.44196455374907917,0,1,FC_G1,agency_claim,g1,>=2023,pt-BR,False,false_pure,checker,False,False,False
38098,val_calib,1,-0.2388957142829895,0.32657119631767273,0.5654669106006622,0.6377165318536913,0.6432260276586299,1,1,fakes,agency_claim,desconhecido,2018-2022,desconhecido,True,none,v1,False,False,False
178696158194617219,val_calib,1,-0.29833903908729553,0.24399736523628235,0.5423364043235779,0.6323557573507147,0.6096814398079999,1,1,FC_UOL,agency_claim,uol,sem_data,pt-BR,False,hard,checker,False,False,False
7175304422809248,val_calib,1,-0.2218155860900879,0.4454122483730316,0.6672278344631195,0.660882147324419,0.7721270482754836,1,1,FC_BOATOS_VIRAL,social,boatos,<=2017,pt-BR,False,false_pure,checker,False,False,False
855824553690001425,val_calib,1,-0.16373752057552338,0.14622218906879425,0.3099597096443176,0.5768754266827898,0.26995025876920115,0,0,FC_EFARSAS,agency_claim,efarsas,>=2023,pt-BR,False,false_pure,checker,False,False,False
775532889776013884,val_calib,1,-0.21111883223056793,0.23757337033748627,0.4486922025680542,0.6103282484387061,0.4663842492923419,0,1,FC_POLIGRAFO,agency_claim,poligrafo,2018-2022,pt-BR,True,false_pure,checker,False,False,False
7930,val_calib,1,-0.2037677764892578,0.354839563369751,0.5586073398590088,0.6361302444029182,0.6334070276234,1,1,Fake.br,portal,desconhecido,sem_data,desconhecido,False,none,v1,False,False,False
903354698748867017,val_calib,0,-0.16501767933368683,0.28666451573371887,0.4516821950674057,0.61103911637969,0.4710008956182717,0,1,NEWS_PODER360,press_true,poder360,<=2017,pt-BR,False,none,llm_local,False,False,False
10850,val_calib,0,-0.2384016364812851,0.31445208191871643,0.5528537184000015,0.6347974217030676,0.6250844165723136,1,1,FakeWhatsApp.BR_2018,whatsapp,desconhecido,2018-2022,desconhecido,False,none,v1,False,False,False
894275202871245667,val_calib,0,-0.2596430778503418,0.28914517164230347,0.5487882494926453,0.6338544099629694,0.6191584803033965,1,1,EXT_LIARBR,external_claim,ext_liarbr,sem_data,pt-BR,False,true_rating,checker,False,False,False
396001816326534970,val_calib,1,-0.21190859377384186,0.260958194732666,0.4728667885065079,0.6160620619484609,0.5038069315785881,1,1,FC_BOATOS,agency_claim,boatos,>=2023,pt-BR,False,false_pure,checker,False,False,False
86887969155030910,val_calib,1,-0.22589455544948578,0.31301265954971313,0.5389072149991989,0.6315581714966205,0.6046099338141337,1,1,EXT_LIARBR,external_claim,ext_liarbr,sem_data,pt-BR,False,false_pure,checker,False,False,False
520570265827605944,val_calib,1,-0.2971626818180084,0.314819872379303,0.6119825541973114,0.6483929167417504,0.7063688792604255,1,1,FC_EFARSAS,agency_claim,efarsas,2018-2022,pt-BR,False,false_pure,checker,False,False,False
831876194901693604,val_calib,1,-0.14565499126911163,0.37970420718193054,0.5253591984510422,0.628400069822678,0.5843621168654596,1,1,FC_G1,agency_claim,g1,2018-2022,pt-BR,False,false_pure,checker,False,False,False
47763,val_calib,0,-0.20748454332351685,0.20882202684879303,0.4163065701723099,0.6025991076250986,0.4169096075660068,0,1,true,press_true,desconhecido,2018-2022,desconhecido,False,none,v1,False,False,False
599012617631774013,val_calib,1,-0.2009694129228592,0.3018488883972168,0.502818301320076,0.6231214135332577,0.5500671322743417,1,1,FC_BOATOS,agency_claim,boatos,>=2023,pt-BR,False,false_pure,checker,False,False,False
11781,val_calib,0,-0.23049168288707733,0.12141039967536926,0.3519020825624466,0.5870787528646463,0.32413968266806387,0,0,FakeWhatsApp.BR_2018,whatsapp,desconhecido,2018-2022,desconhecido,False,none,v1,False,False,False
647540529867857342,val_calib,0,-0.12488853186368942,0.2528836131095886,0.37777214497327805,0.5933356592148429,0.3602210315933804,0,0,NEWS_PODER360,press_true,poder360,<=2017,pt-BR,False,none,llm_local,False,False,False
903464421811525572,val_calib,1,-0.2195868343114853,0.22135667502880096,0.44094350934028625,0.6084838271572341,0.45444869973583274,0,1,FC_AFP,agency_claim,afp,2018-2022,pt-BR,False,false_pure,checker,False,False,False
29780535354344242,val_calib,1,-0.21193258464336395,0.4369013011455536,0.6488338857889175,0.656747633408869,0.7514404389817714,1,1,FC_BOATOS,agency_claim,boatos,>=2023,pt-BR,False,false_pure,checker,False,False,False
231734116286798546,val_calib,1,-0.09185001999139786,0.05542827025055885,0.1472782902419567,0.5367531624833258,0.11882768978272691,0,0,FC_LUPA,agency_claim,lupa,>=2023,pt-BR,False,false_pure,checker_match,False,False,False
33292,val_calib,1,-0.164840430021286,0.2690160572528839,0.4338564872741699,0.6067941849951162,0.44357764302093045,0,1,fakes,agency_claim,desconhecido,2018-2022,desconhecido,False,none,v1,False,False,False
8145,val_calib,0,-0.17079713940620422,0.3054024577140808,0.47619959712028503,0.6168500642906747,0.5089722997540463,1,1,Fake.br,portal,desconhecido,sem_data,desconhecido,False,none,v1,False,False,False
834958212532007507,val_calib,1,-0.2621000111103058,0.32298779487609863,0.5850878059864044,0.642237268264413,0.6706337503983262,1,1,FC_BOATOS,agency_claim,boatos,2018-2022,pt-BR,False,false_pure,checker,False,False,False
997792448110840164,val_calib,1,-0.24823175370693207,0.23411238193511963,0.4823441356420517,0.6183012552699656,0.5184896085819832,1,1,FC_COMPROVA,agency_claim,comprova,2018-2022,pt-BR,False,other,checker_match,False,False,False
28613,val_calib,1,-0.26758435368537903,0.28492307662963867,0.5525074303150177,0.634717138109025,0.6245810876379563,1,1,fakes,agency_claim,desconhecido,2018-2022,desconhecido,False,none,v1,False,False,False
25291,val_calib,1,-0.12570305168628693,0.2400875836610794,0.36579063534736633,0.590441457303326,0.3432834257403813,0,0,fakes,agency_claim,desconhecido,<=2017,desconhecido,False,none,v1,False,False,False
709644299416538849,val_calib,0,-0.2177322953939438,0.22886863350868225,0.44660092890262604,0.6098307710797054,0.4631586253716784,0,1,NEWS_BRASILDEFATO,press_true,brasildefato,<=2017,pt-BR,False,none,llm_local,False,False,False
6177,val_calib,0,-0.16441784799098969,0.1639486700296402,0.3283665180206299,0.5813618725143145,0.29302366747060593,0,0,Fake.br,portal,desconhecido,sem_data,desconhecido,False,none,v1,False,False,False
1803,val_calib,1,-0.24561454355716705,0.3703257441520691,0.6159402877092361,0.6492946682408172,0.7114328404249148,1,1,COVID19.BR,covid,desconhecido,sem_data,desconhecido,False,none,v1,False,False,False
29562,val_calib,1,-0.17912925779819489,0.2413693517446518,0.4204986095428467,0.603602556590612,0.4232416426284955,0,1,fakes,agency_claim,desconhecido,sem_data,desconhecido,False,none,v1,False,False,False
937391506306028970,val_calib,1,-0.263180673122406,0.19661320745944977,0.4597938805818558,0.6129652777451716,0.48354835208613095,0,1,FC_BOATOS,agency_claim,boatos,>=2023,pt-BR,False,false_pure,checker,False,False,False
529501239259863757,val_calib,0,-0.19102329015731812,0.32793787121772766,0.5189611613750458,0.626904819030093,0.5746956362809078,1,1,EXT_LIARBR,external_claim,ext_liarbr,sem_data,pt-BR,False,true_rating,checker,False,False,False
971164046023322012,val_calib,1,-0.17915040254592896,0.212065190076828,0.39121559262275696,0.5965752941919644,0.3796464733756944,0,0,FC_BOATOS,agency_claim,boatos,<=2017,pt-BR,False,false_pure,checker,False,False,False
7597,val_calib,0,-0.14315961301326752,0.19309629499912262,0.33625590801239014,0.5832807525154439,0.3032591614295749,0,0,Fake.br,portal,desconhecido,sem_data,desconhecido,False,none,v1,False,False,False
12719,val_calib,1,-0.23714156448841095,0.3150513470172882,0.5521929115056992,0.6346442134272102,0.6241237018322766,1,1,FakeWhatsApp.BR_2018,whatsapp,desconhecido,2018-2022,desconhecido,False,none,v1,False,False,False
840019413440466733,val_calib,1,-0.2222873717546463,0.1991342157125473,0.4214215874671936,0.6038233731668334,0.42463926205654756,0,1,FC_POLIGRAFO,agency_claim,poligrafo,>=2023,pt-BR,True,false_pure,checker,False,False,False
511008044077183499,val_calib,1,-0.2928902208805084,0.2201344221830368,0.5130246430635452,0.6255152533087347,0.5656749036425461,1,1,FC_BOATOS,agency_claim,boatos,>=2023,pt-BR,False,false_pure,checker,False,False,False
994932124730652113,val_calib,1,-0.2625894546508789,0.32988855242729187,0.5924780070781708,0.6439335133753389,0.6806750181951272,1,1,FC_EFARSAS,agency_claim,efarsas,<=2017,pt-BR,False,false_pure,checker,False,False,False
31744,val_calib,1,-0.20764535665512085,0.2801063358783722,0.48775169253349304,0.6195766457212886,0.5268545460167857,1,1,fakes,agency_claim,desconhecido,2018-2022,desconhecido,False,none,v1,False,False,False
7819,val_calib,0,-0.19929267466068268,0.30118241906166077,0.5004750937223434,0.6225709734928385,0.5464687420054601,1,1,Fake.br,portal,desconhecido,sem_data,desconhecido,False,none,v1,False,False,False
16445,val_calib,0,-0.11952200531959534,0.2745877504348755,0.3941097557544708,0.5972716466107152,0.38388187537666074,0,0,FakeWhatsApp.BR_2018,whatsapp,desconhecido,2018-2022,desconhecido,False,none,v1,False,False,False
112825483538113420,val_calib,0,-0.19467021524906158,0.19475208222866058,0.38942229747772217,0.5961436214434978,0.37703123777801945,0,0,EXT_LIARBR,external_claim,ext_liarbr,sem_data,pt-BR,False,true_rating,checker,False,False,False
35316,val_calib,1,-0.2015831023454666,0.2762645184993744,0.477847620844841,0.6172394931277345,0.5115258575894908,1,1,fakes,agency_claim,desconhecido,2018-2022,desconhecido,True,false_pure,v1,False,False,False
79334355518779845,val_calib,1,-0.30431827902793884,0.39993444085121155,0.7042527198791504,0.6691299795728379,0.8099881418841205,1,1,FC_LUPA,agency_claim,lupa,>=2023,pt-BR,False,false_pure,checker_match,False,False,False
1122240616756842106,val_calib,1,-0.20426863431930542,0.11465021222829819,0.3189188465476036,0.5790607441942793,0.28103692033726113,0,0,FC_POLIGRAFO,agency_claim,poligrafo,>=2023,pt-BR,True,other,checker,False,False,False
894366025866750024,val_calib,1,-0.24488776922225952,0.2988326847553253,0.5437204539775848,0.632677464934031,0.6117217128309574,1,1,FC_BOATOS,agency_claim,boatos,>=2023,pt-BR,False,false_pure,checker,False,False,False
912,val_calib,0,-0.14694532752037048,0.32108932733535767,0.46803465485572815,0.6149184801928361,0.49631667814970737,0,1,COVID19.BR,covid,desconhecido,sem_data,desconhecido,False,none,v1,False,False,False
41118,val_calib,1,-0.13976623117923737,0.21875602006912231,0.3585222512483597,0.588682665746948,0.3331963605276924,0,0,fakes,agency_claim,desconhecido,<=2017,desconhecido,True,false_pure,v1,False,False,False
4323,val_calib,0,-0.21918992698192596,0.3083004355430603,0.5274903625249863,0.6288975889083447,0.5875680139167394,1,1,Fake.br,portal,desconhecido,sem_data,desconhecido,False,none,v1,False,False,False
14454,val_calib,0,-0.09229911118745804,0.2964213490486145,0.38872046023607254,0.595974638237393,0.37600965707156214,0,0,FakeWhatsApp.BR_2018,whatsapp,desconhecido,2018-2022,desconhecido,False,none,v1,False,False,False
865919119310998409,val_calib,1,-0.26635119318962097,0.3560214936733246,0.6223726868629456,0.650757986637185,0.7195513340241545,1,1,FC_ESTADAO,agency_claim,estadao,sem_data,pt-BR,False,hard,checker,False,False,False
709613037878054789,val_calib,1,-0.2577700614929199,0.30757930874824524,0.5653493702411652,0.6376893755762844,0.6430587589134454,1,1,FC_POLIGRAFO,agency_claim,poligrafo,>=2023,pt-BR,True,other,checker,False,False,False
4260,val_calib,1,-0.32476651668548584,0.371395468711853,0.6961619853973389,0.6673362863279159,0.8021468560245044,1,1,Fake.br,portal,desconhecido,sem_data,desconhecido,False,none,v1,False,False,False
42551,val_calib,1,-0.1686139851808548,0.31356626749038696,0.48218025267124176,0.6182625773503014,0.5182359127304998,1,1,fakes,agency_claim,desconhecido,2018-2022,desconhecido,False,none,v1,False,False,False
622792159147939023,val_calib,1,-0.15916673839092255,0.24668116867542267,0.4058479070663452,0.6000918682321352,0.4012350792503945,0,1,FC_EFARSAS,agency_claim,efarsas,>=2023,pt-BR,False,false_pure,checker,False,False,False
16357,val_calib,1,-0.2728060781955719,0.4071178436279297,0.6799239218235016,0.6637217173320947,0.7856805738695407,1,1,FakeWhatsApp.BR_2018,whatsapp,desconhecido,2018-2022,desconhecido,False,none,v1,False,False,False
745073552471715708,val_calib,1,-0.22977997362613678,0.28111422061920166,0.5108941942453384,0.6250160710683407,0.5624266551007646,1,1,FC_POLIGRAFO,agency_claim,poligrafo,>=2023,pt-BR,True,false_pure,checker,False,False,False
437877383898028556,val_calib,1,-0.16545464098453522,0.21493221819400787,0.3803868591785431,0.59396640527451,0.363965797823647,0,0,EXT_LIARBR,external_claim,ext_liarbr,sem_data,pt-BR,False,false_pure,checker,False,False,False
48339,val_calib,0,-0.24055464565753937,0.19226232171058655,0.4328169673681259,0.6065461332259503,0.4419873640723925,0,1,true,press_true,desconhecido,2018-2022,desconhecido,True,none,v1,False,False,False
347390602633034143,val_calib,1,-0.2590102255344391,0.19450075924396515,0.45351098477840424,0.6114736770395734,0.4738271048589115,0,1,FC_COMPROVA,agency_claim,comprova,2018-2022,pt-BR,False,other,checker,False,False,False
312563224846093473,val_calib,1,-0.21349148452281952,0.2646130621433258,0.4781045466661453,0.6173001912836009,0.5119239047708841,1,1,FC_POLIGRAFO,agency_claim,poligrafo,>=2023,pt-BR,True,false_pure,checker,False,False,False
16361,val_calib,1,-0.2104835957288742,0.2624484896659851,0.4729320853948593,0.616077506478147,0.5039081436554027,1,1,FakeWhatsApp.BR_2018,whatsapp,desconhecido,2018-2022,desconhecido,False,none,v1,False,False,False
740660438079703179,val_calib,1,-0.18990693986415863,0.3180442750453949,0.5079512149095535,0.6243260687440405,0.557930796880594,1,1,FC_POLIGRAFO,agency_claim,poligrafo,2018-2022,pt-BR,True,false_pure,checker,False,False,False
736308548645447217,val_calib,1,-0.21935398876667023,0.20344239473342896,0.4227963835000992,0.604152205858016,0.42672327678981603,0,1,FC_BOATOS,agency_claim,boatos,2018-2022,pt-BR,False,false_pure,checker,False,False,False
26566,val_calib,1,-0.31651771068573,0.30539843440055847,0.6219161450862885,0.6506542203209135,0.7189797355134993,1,1,fakes,agency_claim,desconhecido,2018-2022,desconhecido,False,false_pure,v1,False,False,False
44534,val_calib,1,-0.33773085474967957,0.28612592816352844,0.623856782913208,0.6510952046476219,0.7214045382008578,1,1,fakes,agency_claim,desconhecido,2018-2022,desconhecido,False,none,v1,False,False,False
2620,val_calib,1,-0.24116753041744232,0.3461379110813141,0.5873054414987564,0.6427466502982738,0.6736638419507738,1,1,Fake.br,portal,desconhecido,sem_data,desconhecido,False,none,v1,False,False,False
942009093637803948,val_calib,0,-0.07444043457508087,0.2213253229856491,0.29576575756073,0.5734070962281501,0.2529605685816918,0,0,NEWS_PODER360,press_true,poder360,<=2017,pt-BR,False,none,llm_local,False,False,False
13351,val_calib,1,-0.2745666205883026,0.4425925314426422,0.7171591520309448,0.6719811364972466,0.8220003550872648,1,1,FakeWhatsApp.BR_2018,whatsapp,desconhecido,2018-2022,desconhecido,False,none,v1,False,False,False
35033,val_calib,1,-0.20892085134983063,0.21497881412506104,0.42389966547489166,0.6044160279573507,0.4283975985478589,0,1,fakes,agency_claim,desconhecido,2018-2022,desconhecido,False,false_pure,v1,False,False,False
43555,val_calib,1,-0.10711591690778732,0.2604466378688812,0.36756255477666855,0.5908698746990242,0.345764527159461,0,0,fakes,agency_claim,desconhecido,2018-2022,desconhecido,False,false_pure,v1,False,False,False
881553462979029585,val_calib,1,-0.2108151763677597,0.250193327665329,0.4610085040330887,0.6132533940431574,0.48542935163523343,0,1,FC_POLIGRAFO,agency_claim,poligrafo,>=2023,pt-BR,True,false_pure,checker,False,False,False
26132,val_calib,1,-0.26342442631721497,0.1658705174922943,0.4292949438095093,0.6057052949621455,0.4366083244532364,0,1,fakes,agency_claim,desconhecido,2018-2022,desconhecido,False,none,v1,False,False,False
27664,val_calib,1,-0.14407280087471008,0.1727248877286911,0.3167976886034012,0.5785436266938901,0.27838711773784725,0,0,fakes,agency_claim,desconhecido,2018-2022,desconhecido,False,none,v1,False,False,False
28134,val_calib,1,-0.21322792768478394,0.16559617221355438,0.3788240998983383,0.5935894588504463,0.36172561562336325,0,0,fakes,agency_claim,desconhecido,2018-2022,desconhecido,False,false_pure,v1,False,False,False
189963858540699180,val_calib,1,-0.2962985038757324,0.2989340126514435,0.5952325165271759,0.6445648252682283,0.6843758049473471,1,1,FC_BOATOS,agency_claim,boatos,>=2023,pt-BR,False,false_pure,checker,False,False,False
321002911408700272,val_calib,0,-0.167664036154747,0.16944293677806854,0.33710697293281555,0.5834876013550422,0.3043753143314057,0,0,FC_POLIGRAFO,agency_claim,poligrafo,>=2023,pt-BR,True,true_rating,checker,False,False,False
6990,val_calib,1,-0.22900807857513428,0.3485802710056305,0.5775883495807648,0.6405122970229485,0.6602823104136746,1,1,Fake.br,portal,desconhecido,sem_data,desconhecido,False,none,v1,False,False,False
4924,val_calib,1,-0.24691228568553925,0.31224778294563293,0.5591600686311722,0.6362581741048946,0.6342024647099078,1,1,Fake.br,portal,desconhecido,sem_data,desconhecido,False,none,v1,False,False,False
204265858799710497,val_calib,0,-0.1161620020866394,0.26860296726226807,0.38476496934890747,0.5950218395954406,0.3702729513918786,0,0,NEWS_PODER360,press_true,poder360,<=2017,pt-BR,False,none,llm_local,False,False,False
2273,val_calib,0,-0.14420698583126068,0.30509886145591736,0.44930584728717804,0.610474180252619,0.46733129346977326,0,1,Fake.br,portal,desconhecido,sem_data,desconhecido,False,none,v1,False,False,False
1086938330227795100,val_calib,1,-0.23099809885025024,0.33068692684173584,0.5616850256919861,0.6368423329971361,0.6378267970512016,1,1,FC_EFARSAS,agency_claim,efarsas,2018-2022,pt-BR,False,false_pure,checker,False,False,False
462208067732630489,val_calib,0,-0.15255899727344513,0.15905366837978363,0.31161266565322876,0.5772788456389923,0.2719748836587113,0,0,EXT_LIARBR,external_claim,ext_liarbr,sem_data,pt-BR,False,true_rating,checker,False,False,False
31075,val_calib,1,-0.1908704936504364,0.2857661843299866,0.476636677980423,0.6169533613536238,0.5096495930813523,1,1,fakes,agency_claim,desconhecido,sem_data,desconhecido,False,none,v1,False,False,False
42624,val_calib,1,-0.2604208290576935,0.23400752246379852,0.494428351521492,0.6211490825327335,0.5371613920456633,1,1,fakes,agency_claim,desconhecido,2018-2022,desconhecido,False,none,v1,False,False,False
1537,val_calib,0,-0.2547379434108734,0.30859115719795227,0.5633291006088257,0.6372224794580298,0.6401783396761845,1,1,COVID19.BR,covid,desconhecido,sem_data,desconhecido,False,none,v1,False,False,False
1071381448934258320,val_calib,0,-0.20399315655231476,0.26247474551200867,0.4664679020643234,0.6145474162014043,0.4938882589584506,0,1,NEWS_PODER360,press_true,poder360,2018-2022,pt-BR,False,none,llm_local,False,False,False
843239886571096028,val_calib,0,-0.25735875964164734,0.20434536039829254,0.4617041200399399,0.6134183628404969,0.4865067912137464,0,1,FC_POLIGRAFO,agency_claim,poligrafo,>=2023,pt-BR,True,true_rating,checker,False,False,False
291384993578476910,val_calib,1,-0.18750880658626556,0.2367403358221054,0.42424914240837097,0.6044995838962588,0.4289283027203092,0,1,FC_POLIGRAFO,agency_claim,poligrafo,>=2023,pt-BR,True,false_pure,checker,False,False,False
14988,val_calib,0,-0.23791544139385223,0.34884703159332275,0.586762472987175,0.642621962364786,0.6729232783629959,1,1,FakeWhatsApp.BR_2018,whatsapp,desconhecido,2018-2022,desconhecido,False,none,v1,False,False,False
510879863475782140,val_calib,1,-0.32961931824684143,0.42261117696762085,0.7522304952144623,0.6796645185535896,0.8516269193150106,1,1,FC_BOATOS,agency_claim,boatos,<=2017,pt-BR,False,false_pure,checker,False,False,False
516181577364341152,val_calib,0,-0.17602534592151642,0.30937913060188293,0.48540447652339935,0.619023248491901,0.5232252176792468,1,1,FC_POLIGRAFO,agency_claim,poligrafo,2018-2022,pt-BR,True,true_rating,checker,False,False,False
360055124476537396,val_calib,0,-0.20941069722175598,0.17977462708950043,0.3891853243112564,0.5960865673364589,0.37668618150359534,0,0,FC_POLIGRAFO,agency_claim,poligrafo,>=2023,pt-BR,True,true_rating,checker,False,False,False
26840,val_calib,1,-0.30873414874076843,0.3286672532558441,0.6374014019966125,0.6541658079877185,0.737965809427511,1,1,fakes,agency_claim,desconhecido,2018-2022,desconhecido,False,none,v1,False,False,False
1115399638416295123,val_calib,1,-0.17143093049526215,0.24179954826831818,0.4132304787635803,0.6018622335060914,0.41228045122893137,0,1,FC_COMPROVA,agency_claim,comprova,>=2023,pt-BR,False,other,checker,False,False,False
856247513519128924,val_calib,1,-0.21558980643749237,0.2134121060371399,0.42900191247463226,0.6056353091787928,0.436161443281328,0,1,FC_POLIGRAFO,agency_claim,poligrafo,>=2023,pt-BR,True,other,checker,False,False,False
824354803551174765,val_calib,1,-0.2516954243183136,0.2767568528652191,0.5284522771835327,0.6291220579079502,0.5890126041331801,1,1,FC_BOATOS,agency_claim,boatos,2018-2022,pt-BR,False,false_pure,checker,False,False,False
97784955757780539,val_calib,1,-0.15530535578727722,0.2159007042646408,0.37120606005191803,0.5917503728836968,0.3508926331005381,0,0,FC_EFARSAS,agency_claim,efarsas,<=2017,pt-BR,False,false_pure,checker,False,False,False
567246642432500222,val_calib,1,-0.22862206399440765,0.32223427295684814,0.5508563369512558,0.6343342448980968,0.6221775398487063,1,1,FC_LUPA,agency_claim,lupa,>=2023,pt-BR,False,false_pure,checker_match,False,False,False
893897551417988884,val_calib,1,-0.17883332073688507,0.25184178352355957,0.43067510426044464,0.6060348655676557,0.438714481349237,0,1,FC_POLIGRAFO,agency_claim,poligrafo,>=2023,pt-BR,True,other,checker,False,False,False
11759,val_calib,0,-0.3027695119380951,0.45160260796546936,0.7543721199035645,0.6801306149761099,0.8532970254566672,1,1,FakeWhatsApp.BR_2018,whatsapp,desconhecido,2018-2022,desconhecido,False,none,v1,False,False,False
900032458369376684,val_calib,0,-0.26190465688705444,-0.0017244117334485054,0.26018024515360594,0.5646805995378545,0.21357122058635547,0,0,EXT_LIARBR,external_claim,ext_liarbr,sem_data,pt-BR,False,true_rating,checker,False,False,False
31486,val_calib,1,-0.2247096449136734,0.3675941824913025,0.5923038274049759,0.6438935759111523,0.6804402276615538,1,1,fakes,agency_claim,desconhecido,sem_data,desconhecido,False,none,v1,False,False,False
309246557012857034,val_calib,0,-0.1721051186323166,0.3224261701107025,0.4945312887430191,0.6211733057160981,0.5373200720449177,1,1,FC_POLIGRAFO,agency_claim,poligrafo,2018-2022,pt-BR,True,true_rating,checker,False,False,False
30740,val_calib,1,-0.16780583560466766,0.3045279085636139,0.47233374416828156,0.6159359733879055,0.5029806864161598,1,1,fakes,agency_claim,desconhecido,sem_data,desconhecido,False,none,v1,False,False,False
29658,val_calib,1,-0.2970651090145111,0.3732142448425293,0.6702793538570404,0.6615657083826042,0.7754389701705303,1,1,fakes,agency_claim,desconhecido,sem_data,desconhecido,False,none,v1,False,False,False
995265226163059660,val_calib,1,-0.206796795129776,0.2517518401145935,0.4585486352443695,0.6126698156539688,0.48162041492914026,0,1,FC_POLIGRAFO,agency_claim,poligrafo,>=2023,pt-BR,True,other,checker,False,False,False
978204558079848390,val_calib,1,-0.2063620239496231,0.22486048936843872,0.43122251331806183,0.6061655555079604,0.4395504565865267,0,1,FC_EFARSAS,agency_claim,efarsas,<=2017,pt-BR,False,false_pure,checker,False,False,False
248828014456408909,val_calib,1,-0.26158407330513,0.31811726093292236,0.5797013342380524,0.640998680451866,0.6632149090284923,1,1,FC_UOL,agency_claim,uol,sem_data,pt-BR,False,false_pure,checker,False,False,False
42803,val_calib,1,-0.11822366714477539,0.22073687613010406,0.33896054327487946,0.5839380043935207,0.3068142026885531,0,0,fakes,agency_claim,desconhecido,2018-2022,desconhecido,False,false_pure,v1,False,False,False
26909,val_calib,1,-0.22717460989952087,0.2828308641910553,0.5100054740905762,0.6248077577221705,0.5610700426396571,1,1,fakes,agency_claim,desconhecido,2018-2022,desconhecido,False,none,v1,False,False,False
431497217826175740,val_calib,1,-0.17254026234149933,0.30631881952285767,0.478859081864357,0.6174784273970647,0.5130927933805259,1,1,FC_G1,agency_claim,g1,>=2023,pt-BR,False,false_pure,checker,False,False,False
38762,test,1,-0.23148536682128906,0.3721633851528168,0.6036487519741058,0.6464906388316337,0.695538068378773,1,1,fakes,agency_claim,desconhecido,2018-2022,desconhecido,True,hard,v1,False,False,False
914382845270207003,test,1,-0.1329411119222641,0.2259778380393982,0.3589189499616623,0.5887787171621646,0.33374307768251377,0,0,FC_ESTADAO,agency_claim,estadao,sem_data,pt-BR,False,hard,checker,False,False,False
659877787816848694,test,1,-0.2928500473499298,-0.034393277019262314,0.2584567703306675,0.5642568939989868,0.2117818456526117,0,0,EXT_LIARBR,external_claim,ext_liarbr,sem_data,pt-BR,False,false_pure,checker,False,False,False
237874200100353751,test,1,-0.2466612607240677,0.21882493793964386,0.46548619866371155,0.6143148452558123,0.492366788211617,0,1,FC_LUPA,agency_claim,lupa,>=2023,pt-BR,False,false_pure,checker_match,False,False,False
577930779804722503,test,1,-0.1433822363615036,0.3030243217945099,0.4464065581560135,0.6097845220609862,0.46285897625764283,0,1,FC_AOSFATOS,agency_claim,aosfatos,>=2023,pt-BR,False,false_pure,checker,False,False,False
348531255744040430,test,1,-0.19688676297664642,0.17414245009422302,0.37102921307086945,0.5917076491663605,0.3506429189877418,0,0,FC_OBSERVADOR,agency_claim,observador,>=2023,pt-PT,True,false_pure,checker,False,False,False
47296,test,0,-0.21837709844112396,0.24783766269683838,0.46621476113796234,0.6144874507214185,0.49349592227331973,0,1,true,press_true,desconhecido,2018-2022,desconhecido,False,none,v1,False,False,False
652422782814184849,test,1,-0.29393306374549866,0.09178861975669861,0.38572168350219727,0.5952523588443688,0.37165720382476664,0,0,EXT_AVERITECBR,external_claim,ext_averitecbr,2018-2022,pt-BR,False,other,checker,False,False,False
47771,test,0,-0.2297237366437912,0.32535943388938904,0.5550831705331802,0.6353141193279073,0.6283184075577957,1,1,true,press_true,desconhecido,2018-2022,desconhecido,False,none,v1,False,False,False
5420,test,1,-0.26998579502105713,0.23349381983280182,0.503479614853859,0.6232767044928308,0.5510817600825972,1,1,Fake.br,portal,desconhecido,sem_data,desconhecido,False,none,v1,False,False,False
1131919305494001082,test,1,-0.2459348887205124,0.30842065811157227,0.5543555468320847,0.6351455195352421,0.6272641805770525,1,1,FC_BOATOS,agency_claim,boatos,>=2023,pt-BR,False,false_pure,checker,False,False,False
13415,test,0,-0.31118080019950867,0.364231139421463,0.6754119396209717,0.662713921806901,0.7809320672804416,1,1,FakeWhatsApp.BR_2018,whatsapp,desconhecido,2018-2022,desconhecido,False,none,v1,False,False,False
29598,test,1,-0.3222980499267578,0.3063328266143799,0.6286308765411377,0.6521789528265368,0.7273147217885739,1,1,fakes,agency_claim,desconhecido,sem_data,desconhecido,False,other,v1,False,False,False
369069004533328542,test,0,-0.16749954223632812,0.15540997684001923,0.32290951907634735,0.5800331601305492,0.28606357325126364,0,0,EXT_LIARBR,external_claim,ext_liarbr,sem_data,pt-BR,False,true_rating,checker,False,False,False
941606555902800421,test,1,-0.24435916543006897,0.18112100660800934,0.4254801720380783,0.6047938603659275,0.4307989981934406,0,1,FC_POLIGRAFO,agency_claim,poligrafo,>=2023,pt-BR,True,other,checker,False,False,False
640615853713244453,test,1,-0.1804949939250946,0.20317880809307098,0.3836738020181656,0.5947588728367147,0.36869676085689357,0,0,EXT_AVERITECBR,external_claim,ext_averitecbr,2018-2022,pt-BR,False,other,checker,False,False,False
755313336616980185,test,1,-0.23395155370235443,0.1328296959400177,0.36678124964237213,0.5906809865120951,0.3446694728247009,0,0,EXT_AVERITECBR,external_claim,ext_averitecbr,2018-2022,pt-BR,False,other,checker,False,False,False
726212563053830982,test,1,-0.10483815521001816,0.2848599851131439,0.3896981403231621,0.5962100306134229,0.3774330491901717,0,0,FC_BOATOS,agency_claim,boatos,>=2023,pt-BR,False,false_pure,checker,False,False,False
1041182624174100332,test,1,-0.17825435101985931,0.17739586532115936,0.3556502163410187,0.5879870677790512,0.32925165996426575,0,0,FC_G1,agency_claim,g1,>=2023,pt-BR,False,false_pure,checker,False,False,False
36476,test,1,-0.32031965255737305,0.23065149784088135,0.5509711503982544,0.6343608759612781,0.622344873296766,1,1,fakes,agency_claim,desconhecido,2018-2022,desconhecido,True,none,v1,False,False,False
6461,test,0,-0.23168666660785675,0.20187504589557648,0.4335617125034332,0.6067238509944662,0.44312657159204144,0,1,Fake.br,portal,desconhecido,sem_data,desconhecido,False,none,v1,False,False,False
30327,test,1,-0.24909575283527374,0.24824996292591095,0.4973457157611847,0.6218353621027437,0.541655536662359,1,1,fakes,agency_claim,desconhecido,sem_data,desconhecido,False,none,v1,False,False,False
24740,test,1,-0.18691232800483704,0.06254733353853226,0.2494596615433693,0.5620435007103224,0.20261909926269162,0,0,fakes,agency_claim,desconhecido,2018-2022,desconhecido,False,none,v1,False,False,False
905579585433529594,test,1,-0.08518417179584503,0.11408354341983795,0.19926771521568298,0.54965273808588,0.1569341129027833,0,0,EXT_LIARBR,external_claim,ext_liarbr,sem_data,pt-BR,False,false_pure,checker,False,False,False
839865881821727099,test,1,-0.23294880986213684,0.15864981710910797,0.3915986269712448,0.5966674768880151,0.3802059809791061,0,0,FC_POLIGRAFO,agency_claim,poligrafo,>=2023,pt-BR,True,other,checker,False,False,False
34774,test,1,-0.1929495483636856,0.23870418965816498,0.4316537380218506,0.6062684965819299,0.44020924283332247,0,1,fakes,agency_claim,desconhecido,2018-2022,desconhecido,False,none,v1,False,False,False
16208,test,0,-0.18674473464488983,0.38288405537605286,0.5696287900209427,0.6386775159720925,0.6491259424233945,1,1,FakeWhatsApp.BR_2018,whatsapp,desconhecido,2018-2022,desconhecido,False,none,v1,False,False,False
49606,test,0,-0.3273404538631439,0.07797470688819885,0.4053151607513428,0.5999640120948011,0.40044173928412985,0,1,true,press_true,desconhecido,2018-2022,desconhecido,True,none,v1,False,False,False
26925510818215436,test,1,-0.21087373793125153,0.20493054389953613,0.41580428183078766,0.6024788167199809,0.4161526982361748,0,1,FC_POLIGRAFO,agency_claim,poligrafo,>=2023,pt-BR,True,false_pure,checker,False,False,False
11692,test,1,-0.19400052726268768,0.2946960926055908,0.4886966198682785,0.6197993412621574,0.5283148388071076,1,1,FakeWhatsApp.BR_2018,whatsapp,desconhecido,2018-2022,desconhecido,False,none,v1,False,False,False
30242,test,1,-0.19625020027160645,0.15807591378688812,0.35432611405849457,0.5876662557139892,0.32744105386186995,0,0,fakes,agency_claim,desconhecido,sem_data,desconhecido,False,none,v1,False,False,False
380379785614441938,test,1,-0.2970091998577118,0.3928472101688385,0.6898564100265503,0.6659349836860734,0.795868408905889,1,1,FC_G1,agency_claim,g1,>=2023,pt-BR,False,false_pure,checker,False,False,False
288127487021068241,test,0,-0.1862807273864746,0.25806698203086853,0.44434770941734314,0.6092945138582945,0.4596866679651672,0,1,FC_POLIGRAFO,agency_claim,poligrafo,>=2023,pt-BR,True,true_rating,checker,False,False,False
35476,test,1,-0.16555336117744446,0.14279475808143616,0.3083481192588806,0.5764820046570441,0.26798547055868954,0,0,fakes,agency_claim,desconhecido,2018-2022,desconhecido,True,none,v1,False,False,False
189470719507255548,test,1,-0.23439449071884155,0.21532998979091644,0.449724480509758,0.6105737247252662,0.4679775099317967,0,1,FC_POLIGRAFO,agency_claim,poligrafo,>=2023,pt-BR,True,hard,checker,False,False,False
28881,test,1,-0.32883748412132263,0.298074871301651,0.6269123554229736,0.6517890189237265,0.7251962936413283,1,1,fakes,agency_claim,desconhecido,2018-2022,desconhecido,False,none,v1,False,False,False
30020,test,1,-0.20798073709011078,0.3641883432865143,0.5721690803766251,0.639263528329081,0.6527049400344769,1,1,fakes,agency_claim,desconhecido,sem_data,desconhecido,False,none,v1,False,False,False
4890,test,1,-0.23556922376155853,0.25786343216896057,0.4934326559305191,0.6209147443106476,0.5356261214995058,1,1,Fake.br,portal,desconhecido,sem_data,desconhecido,False,none,v1,False,False,False
730616457498913094,test,0,-0.31378617882728577,0.03037477284669876,0.3441609516739845,0.5852009124346698,0.31371444280922833,0,0,EXT_LIARBR,external_claim,ext_liarbr,sem_data,pt-BR,False,true_rating,checker,False,False,False
283434771146795036,test,1,-0.21690131723880768,0.3399709165096283,0.556872233748436,0.6357285271110188,0.6309053097900325,1,1,FC_BOATOS,agency_claim,boatos,<=2017,pt-BR,False,false_pure,checker,False,False,False
829,test,0,-0.23288580775260925,0.2586568295955658,0.49154263734817505,0.6204697708884211,0.5327100532499907,1,1,COVID19.BR,covid,desconhecido,sem_data,desconhecido,False,none,v1,False,False,False
818333909902087713,test,1,-0.2459409087896347,0.31756994128227234,0.563510850071907,0.6372644934318497,0.6404378881401155,1,1,FC_G1,agency_claim,g1,2018-2022,pt-BR,False,false_pure,checker,False,False,False
38773,test,1,-0.19880817830562592,0.24878455698490143,0.44759273529052734,0.6100667329934178,0.46468804045346457,0,1,fakes,agency_claim,desconhecido,2018-2022,desconhecido,False,false_pure,v1,False,False,False
259165237891189368,test,1,-0.2256889045238495,0.23040679097175598,0.45609569549560547,0.6120875589017413,0.4778243328351152,0,1,FC_OBSERVADOR,agency_claim,observador,>=2023,pt-PT,True,false_pure,checker,False,False,False
376623107235072744,test,1,-0.04545213282108307,0.2513580620288849,0.29681019484996796,0.5736625578845872,0.25418630828102295,0,0,FC_ESTADAO,agency_claim,estadao,sem_data,pt-BR,False,hard,checker,False,False,False
29524,test,1,-0.18090029060840607,0.17362701892852783,0.3545273095369339,0.5877150074613735,0.3277158438072947,0,0,fakes,agency_claim,desconhecido,sem_data,desconhecido,False,none,v1,False,False,False
47542,test,0,-0.16688616573810577,0.22838367521762848,0.39526984095573425,0.5975506599318218,0.38558457560705434,0,0,true,press_true,desconhecido,2018-2022,desconhecido,False,none,v1,False,False,False
651471317693926405,test,0,-0.1629778891801834,0.2310236245393753,0.3940015137195587,0.597245609989465,0.3837231489006609,0,0,EXT_AVERITECBR,external_claim,ext_averitecbr,2018-2022,pt-BR,False,other,checker,False,False,False
472256560802500879,test,0,-0.13063418865203857,0.20914116501808167,0.33977535367012024,0.5841359526241784,0.30788975250866546,0,0,EXT_LIARBR,external_claim,ext_liarbr,sem_data,pt-BR,False,true_rating,checker,False,False,False
1518,test,1,-0.31870660185813904,0.28944170475006104,0.6081483066082001,0.6475182901621749,0.7014137506077887,1,1,COVID19.BR,covid,desconhecido,sem_data,desconhecido,False,none,v1,False,False,False
54939707843517538,test,0,-0.22950081527233124,0.16606037318706512,0.39556118845939636,0.5976207223149037,0.3860126393197703,0,0,FC_POLIGRAFO,agency_claim,poligrafo,>=2023,pt-BR,True,true_rating,checker,False,False,False
441191151072284383,test,1,-0.186122864484787,0.26359403133392334,0.4497168958187103,0.6105719212855855,0.4679658009829413,0,1,FC_EFARSAS,agency_claim,efarsas,2018-2022,pt-BR,False,hard,checker,False,False,False
13474,test,0,-0.22999721765518188,0.28637245297431946,0.5163696706295013,0.6262984828015525,0.5707635294112038,1,1,FakeWhatsApp.BR_2018,whatsapp,desconhecido,2018-2022,desconhecido,False,none,v1,False,False,False
919879510002559762,test,1,-0.2667003870010376,0.2910424768924713,0.5577428638935089,0.6359301218607812,0.6321614945670467,1,1,EXT_AVERITECBR,external_claim,ext_averitecbr,2018-2022,pt-BR,False,other,checker,False,False,False
15500,test,1,-0.19434691965579987,0.3214109241962433,0.5157578438520432,0.6261552744821584,0.5698338716785765,1,1,FakeWhatsApp.BR_2018,whatsapp,desconhecido,2018-2022,desconhecido,False,none,v1,False,False,False
11103,test,0,-0.21144285798072815,0.3726734220981598,0.5841162800788879,0.6420140113224204,0.669301794327872,1,1,FakeWhatsApp.BR_2018,whatsapp,desconhecido,2018-2022,desconhecido,False,none,v1,False,False,False
12850,test,0,-0.22918324172496796,0.3756355941295624,0.6048188358545303,0.64675800451953,0.6970722579214315,1,1,FakeWhatsApp.BR_2018,whatsapp,desconhecido,2018-2022,desconhecido,False,none,v1,False,False,False
39404,test,1,-0.25459638237953186,0.2571047246456146,0.5117011070251465,0.6252051689230153,0.5636575827062373,1,1,fakes,agency_claim,desconhecido,2018-2022,desconhecido,False,none,v1,False,False,False
1072726420470339687,test,1,-0.21616941690444946,0.24360184371471405,0.4597712606191635,0.6129599113976132,0.4835133264403832,0,1,FC_OBSERVADOR,agency_claim,observador,>=2023,pt-PT,True,false_pure,checker,False,False,False
41714162618147629,test,0,-0.1557047963142395,0.24780581891536713,0.40351061522960663,0.599530830159589,0.3977583960887295,0,1,NEWS_PODER360,press_true,poder360,<=2017,pt-BR,False,none,llm_local,False,False,False
671182171895561338,test,1,-0.14873798191547394,0.20691296458244324,0.3556509464979172,0.5879872446655912,0.3292526598026431,0,0,FC_POLIGRAFO,agency_claim,poligrafo,>=2023,pt-BR,True,other,checker,False,False,False
7425,test,0,-0.23545505106449127,0.1098223626613617,0.34527741372585297,0.5854718975261349,0.315206782590099,0,0,Fake.br,portal,desconhecido,sem_data,desconhecido,False,none,v1,False,False,False
6076,test,1,-0.20445527136325836,0.23209960758686066,0.436554878950119,0.6074378218935509,0.4477110192692676,0,1,Fake.br,portal,desconhecido,sem_data,desconhecido,False,none,v1,False,False,False
31986,test,1,-0.26710832118988037,0.3302569091320038,0.5973652303218842,0.6450532813717178,0.6872252435496407,1,1,fakes,agency_claim,desconhecido,2018-2022,desconhecido,False,other,v1,False,False,False
197724385049693809,test,1,-0.17851482331752777,0.19733496010303497,0.37584978342056274,0.5928717324692442,0.35747862604174313,0,0,FC_POLIGRAFO,agency_claim,poligrafo,2018-2022,pt-BR,True,other,checker,False,False,False
1003824224003184859,test,1,-0.32946789264678955,0.2692722678184509,0.5987401604652405,0.6453680219316705,0.6890547833351336,1,1,FC_LUPA,agency_claim,lupa,2018-2022,pt-BR,False,false_pure,checker_match,False,False,False
47858,test,0,-0.2253989428281784,0.27843010425567627,0.5038290470838547,0.62335874864272,0.5516177093839028,1,1,true,press_true,desconhecido,2018-2022,desconhecido,False,none,v1,False,False,False
14512,test,0,-0.12251623719930649,0.29660773277282715,0.41912396997213364,0.6032736045813646,0.42116237614149926,0,1,FakeWhatsApp.BR_2018,whatsapp,desconhecido,2018-2022,desconhecido,False,none,v1,False,False,False
15834,test,0,-0.2671481668949127,0.18511033058166504,0.45225849747657776,0.6111760775863746,0.4718913206135116,0,1,FakeWhatsApp.BR_2018,whatsapp,desconhecido,2018-2022,desconhecido,False,none,v1,False,False,False
32307,test,1,-0.13048435747623444,0.2114897221326828,0.34197407960891724,0.5846699706348788,0.310802477649516,0,0,fakes,agency_claim,desconhecido,2018-2022,desconhecido,False,none,v1,False,False,False
37779037577803666,test,1,-0.22199773788452148,0.3021855354309082,0.5241832733154297,0.6281254340848712,0.5825901000381535,1,1,FC_EFARSAS,agency_claim,efarsas,2018-2022,pt-BR,False,false_pure,checker,False,False,False
25900,test,1,-0.22830401360988617,0.2884676456451416,0.5167716592550278,0.6263925629362876,0.5713740713059805,1,1,fakes,agency_claim,desconhecido,2018-2022,desconhecido,False,none,v1,False,False,False
468459276787821542,test,1,-0.3041776120662689,0.17738719284534454,0.48156480491161346,0.6181173125172221,0.517283097887653,1,1,EXT_AVERITECBR,external_claim,ext_averitecbr,2018-2022,pt-BR,False,other,checker,False,False,False
29837,test,1,-0.2011221945285797,0.3125433623790741,0.5136655569076538,0.6256653726811381,0.5666510013209775,1,1,fakes,agency_claim,desconhecido,sem_data,desconhecido,False,none,v1,False,False,False
16223,test,0,-0.29194775223731995,0.27650752663612366,0.5684552788734436,0.6384066624626963,0.6474668800051102,1,1,FakeWhatsApp.BR_2018,whatsapp,desconhecido,2018-2022,desconhecido,False,none,v1,False,False,False
40972,test,1,-0.2564469277858734,0.2560848891735077,0.5125318169593811,0.6253998036649256,0.564923993341533,1,1,fakes,agency_claim,desconhecido,2018-2022,desconhecido,True,hard,v1,False,False,False
40985,test,1,-0.3048657178878784,0.3564668595790863,0.6613325774669647,0.6595596699348768,0.7656316949752042,1,1,fakes,agency_claim,desconhecido,2018-2022,desconhecido,True,false_pure,v1,False,False,False
35022,test,1,-0.1960010528564453,0.31324687600135803,0.5092479288578033,0.624630154894767,0.5599129440445348,1,1,fakes,agency_claim,desconhecido,2018-2022,desconhecido,False,false_pure,v1,False,False,False
47555,test,0,-0.2075350433588028,0.2206220030784607,0.4281570464372635,0.605433502377471,0.43487358112468044,0,1,true,press_true,desconhecido,2018-2022,desconhecido,False,none,v1,False,False,False
440015222069815910,test,1,-0.30667704343795776,0.31918951869010925,0.625866562128067,0.6515516279176901,0.7239021489499422,1,1,FC_G1,agency_claim,g1,2018-2022,pt-BR,False,false_pure,checker,False,False,False
64483869079724143,test,1,-0.14920774102210999,0.23390933871269226,0.38311707973480225,0.5946246841355107,0.3678936520146343,0,0,FC_BOATOS,agency_claim,boatos,>=2023,pt-BR,False,false_pure,checker,False,False,False
686831464021020418,test,1,-0.23298443853855133,0.2040042281150818,0.4369886666536331,0.607541256835376,0.44837618201188223,0,1,FC_POLIGRAFO,agency_claim,poligrafo,>=2023,pt-BR,True,other,checker,False,False,False
28610,test,1,-0.23079930245876312,0.31198519468307495,0.5427844971418381,0.6324599246647883,0.6103424120932243,1,1,fakes,agency_claim,desconhecido,2018-2022,desconhecido,False,none,v1,False,False,False
304871305359864953,test,0,-0.14530111849308014,0.23168833553791046,0.3769894540309906,0.5931467911391227,0.3591033459592268,0,0,FC_EFARSAS,agency_claim,efarsas,<=2017,pt-BR,False,true_rating,checker,False,False,False
552059261970538054,test,1,-0.24913667142391205,0.10801449418067932,0.35715116560459137,0.5883506370771464,0.3313102355981073,0,0,FC_BOATOS,agency_claim,boatos.org,>=2023,pt-BR,False,false_pure,checker_match,False,False,False
891314555468101595,test,1,-0.2928973138332367,0.3393239378929138,0.6322212517261505,0.652992953529417,0.7317075027570629,1,1,EXT_AVERITECBR,external_claim,ext_averitecbr,2018-2022,pt-BR,False,other,checker,False,False,False
61699400972199057,test,1,-0.1377590149641037,0.23041120171546936,0.36817021667957306,0.5910167643918827,0.3466173408576587,0,0,FC_BOATOS_VIRAL,social,boatos,>=2023,pt-BR,False,false_pure,checker,False,False,False
41107,test,1,-0.24329623579978943,0.18095706403255463,0.42425329983234406,0.6045005778520727,0.4289346170339002,0,1,fakes,agency_claim,desconhecido,2018-2022,desconhecido,True,false_pure,v1,False,False,False
25080,test,1,-0.18309877812862396,0.23787148296833038,0.42097026109695435,0.6037154014958457,0.42395568904218833,0,1,fakes,agency_claim,desconhecido,2018-2022,desconhecido,False,none,v1,False,False,False
902798107319996859,test,1,-0.16608765721321106,0.13911938667297363,0.3052070438861847,0.5757149258759032,0.2641821469086317,0,0,FC_AOSFATOS,agency_claim,aosfatos,>=2023,pt-BR,False,false_pure,checker,False,False,False
162442370101724151,test,1,-0.16299672424793243,0.21877820789813995,0.3817749321460724,0.5943011235570933,0.36596053244370924,0,0,FC_G1,agency_claim,g1,2018-2022,pt-BR,False,false_pure,checker,False,False,False
1085987034940484945,test,1,-0.3013598918914795,0.4745217263698578,0.7758816182613373,0.6847918303656952,0.8692185602486874,1,1,FC_EFARSAS,agency_claim,efarsas,2018-2022,pt-BR,False,false_pure,checker,False,False,False
443722371038665963,test,1,-0.26426827907562256,0.1967841386795044,0.46105241775512695,0.6132638091699212,0.48549736569610047,0,1,FC_LUPA,agency_claim,lupa,2018-2022,pt-BR,False,false_pure,checker_match,False,False,False
309388462886703127,test,1,-0.17528405785560608,0.44932085275650024,0.6246049106121063,0.6512651377789689,0.7223358771140352,1,1,FC_G1,agency_claim,g1,2018-2022,pt-BR,False,false_pure,checker,False,False,False
17052,test,0,-0.25241968035697937,0.23690097033977509,0.48932065069675446,0.6199463819550469,0.5292789533694171,1,1,FakeWhatsApp.BR_2018,whatsapp,desconhecido,2018-2022,desconhecido,False,none,v1,False,False,False
172702851411599987,test,1,-0.24187849462032318,0.37806862592697144,0.6199471205472946,0.6502065218723501,0.7165063697516898,1,1,FC_BOATOS,agency_claim,boatos.org,>=2023,pt-BR,False,false_pure,checker_match,False,False,False
874362052662996959,test,1,-0.16338688135147095,0.2135239988565445,0.37691088020801544,0.5931278292766098,0.3589912264430734,0,0,FC_BOATOS,agency_claim,boatos,2018-2022,pt-BR,False,false_pure,checker,False,False,False
48001,test,0,-0.2679221034049988,0.30768531560897827,0.575607419013977,0.6400560484458442,0.6575217761541846,1,1,true,press_true,desconhecido,2018-2022,desconhecido,False,none,v1,False,False,False
976383472354677352,test,1,-0.31721675395965576,0.23602868616580963,0.5532454401254654,0.6348882296194792,0.6256534573375035,1,1,FC_UOL,agency_claim,uol,sem_data,pt-BR,False,false_pure,checker,False,False,False
396546701129858392,test,1,-0.1869446486234665,0.1859312653541565,0.372875913977623,0.5921537174261232,0.35325453621978276,0,0,FC_BOATOS,agency_claim,boatos,<=2017,pt-BR,False,false_pure,checker,False,False,False
41837,test,1,-0.24410659074783325,0.31095802783966064,0.5550646185874939,0.635309821015168,0.6282915434510263,1,1,fakes,agency_claim,desconhecido,2018-2022,desconhecido,True,false_pure,v1,False,False,False
919482259451082255,test,1,-0.21168610453605652,0.40830302238464355,0.6199891269207001,0.6502160756576554,0.7165592726848302,1,1,FC_BOATOS,agency_claim,boatos,<=2017,pt-BR,False,false_pure,checker,False,False,False
532039261177288181,test,1,-0.22625744342803955,0.25356778502464294,0.4798252284526825,0.6177066041641736,0.5145892890888731,1,1,EXT_LIARBR,external_claim,ext_liarbr,sem_data,pt-BR,False,false_pure,checker,False,False,False
28708,test,1,-0.275078147649765,0.32477912306785583,0.5998572707176208,0.6456236513365146,0.6905369235404722,1,1,fakes,agency_claim,desconhecido,2018-2022,desconhecido,False,none,v1,False,False,False
711838029875217572,test,1,-0.16446559131145477,0.2633834779262543,0.42784906923770905,0.6053599292325215,0.43440433709566456,0,1,FC_BOATOS,agency_claim,boatos.org,2018-2022,pt-BR,False,false_pure,checker_match,False,False,False
105972353477392044,test,1,-0.30845633149147034,0.3098237216472626,0.6182800531387329,0.6498272725158946,0.7144020518133507,1,1,FC_OBSERVADOR,agency_claim,observador,>=2023,pt-PT,True,false_pure,checker,False,False,False
1022190831666181514,test,1,-0.23604275286197662,0.21184726059436798,0.4478900134563446,0.6101374487889518,0.4651465889717765,0,1,FC_G1,agency_claim,g1,>=2023,pt-BR,False,false_pure,checker,False,False,False
1044601222618655239,test,1,-0.23110702633857727,0.4164194166660309,0.6475264430046082,0.6564528359740514,0.7499231888037519,1,1,FC_EFARSAS,agency_claim,efarsas,2018-2022,pt-BR,False,false_pure,checker,False,False,False
903552374355000150,test,1,-0.2594469487667084,0.34298112988471985,0.6024280786514282,0.646211615689506,0.6939329014671236,1,1,FC_BOATOS_VIRAL,social,boatos,>=2023,pt-BR,False,false_pure,checker,False,False,False
735937467145226719,test,1,-0.2569810450077057,0.2731979191303253,0.530178964138031,0.6295248515439693,0.5916018575948223,1,1,FC_AFP,agency_claim,afp,2018-2022,pt-BR,False,false_pure,checker,False,False,False
425367489764576586,test,1,-0.15138868987560272,0.1488984078168869,0.3002870976924896,0.574512698728426,0.25829488548907537,0,0,FC_POLIGRAFO,agency_claim,poligrafo,>=2023,pt-BR,True,false_pure,checker,False,False,False
48613,test,0,-0.2670731246471405,0.22556892037391663,0.49264204502105713,0.6207286328296524,0.5344065900283118,1,1,true,press_true,desconhecido,2018-2022,desconhecido,True,none,v1,False,False,False
371940860519250688,test,0,-0.25084272027015686,0.28341659903526306,0.5342593193054199,0.6304759814947895,0.5977001536588148,1,1,FC_POLIGRAFO,agency_claim,poligrafo,>=2023,pt-BR,True,true_rating,checker,False,False,False
41933,test,1,-0.3062724173069,0.31509068608283997,0.62136310338974,0.650528501643555,0.7182863677106229,1,1,fakes,agency_claim,desconhecido,2018-2022,desconhecido,True,hard,v1,False,False,False
14547,test,0,-0.24220269918441772,0.3210071623325348,0.5632098615169525,0.6371949145072261,0.6400080149789412,1,1,FakeWhatsApp.BR_2018,whatsapp,desconhecido,2018-2022,desconhecido,False,none,v1,False,False,False
909525886322381875,test,1,-0.2878638505935669,0.2424968183040619,0.5303606688976288,0.6295672283324939,0.5918740402336103,1,1,FC_BOATOS,agency_claim,boatos,2018-2022,pt-BR,False,false_pure,checker,False,False,False
49709,test,0,-0.04898938909173012,-0.07955325394868851,-0.03056386485695839,0.49235962854747817,0.042848689297843336,0,0,true,press_true,desconhecido,2018-2022,desconhecido,True,none,v1,False,False,False
372283953342464237,test,1,-0.24640490114688873,0.2914446294307709,0.5378495305776596,0.6313120220918657,0.6030410913861005,1,1,FC_BOATOS_VIRAL,social,boatos,<=2017,pt-BR,False,false_pure,checker,False,False,False
535323650270604070,test,1,-0.24108274281024933,0.21642594039440155,0.4575086832046509,0.6124230004046661,0.48001073766302516,0,1,FC_ESTADAO,agency_claim,estadao,sem_data,pt-BR,False,hard,checker,False,False,False
271696333009155868,test,1,-0.19867290556430817,0.26833584904670715,0.4670087546110153,0.6146755248121472,0.4947265371774405,0,1,FC_POLIGRAFO,agency_claim,poligrafo,>=2023,pt-BR,True,other,checker,False,False,False
6081,test,0,-0.13593797385692596,0.2528545558452606,0.3887925297021866,0.5959919916425765,0.37611450936230273,0,0,Fake.br,portal,desconhecido,sem_data,desconhecido,False,none,v1,False,False,False
370702096242776759,test,1,-0.17820589244365692,0.21862222254276276,0.3968281149864197,0.5979253426677011,0.3878761200281339,0,0,FC_G1,agency_claim,g1,>=2023,pt-BR,False,false_pure,checker,False,False,False
26923,test,1,-0.19513215124607086,0.267922043800354,0.46305419504642487,0.6137384655346646,0.48859827125372957,0,1,fakes,agency_claim,desconhecido,2018-2022,desconhecido,False,false_pure,v1,False,False,False
643101877699946486,test,0,-0.18041279911994934,0.11984966695308685,0.3002624660730362,0.5745066775707676,0.25826562714731344,0,0,FC_POLIGRAFO,agency_claim,poligrafo,>=2023,pt-BR,True,true_rating,checker,False,False,False
25016,test,1,-0.1748952716588974,0.26291027665138245,0.43780554831027985,0.607736012793738,0.4496292742133438,0,1,fakes,agency_claim,desconhecido,2018-2022,desconhecido,False,none,v1,False,False,False
515933408115217927,test,1,-0.16841621696949005,0.22283144295215607,0.3912476599216461,0.5965830119079042,0.3796933026136812,0,0,FC_COMPROVA,agency_claim,comprova,>=2023,pt-BR,False,other,checker,False,False,False
39594,test,1,-0.2318197637796402,0.17386670410633087,0.40568646788597107,0.600053125170479,0.40099461699703287,0,1,fakes,agency_claim,desconhecido,2018-2022,desconhecido,False,false_pure,v1,False,False,False
686594568607277153,test,0,-0.24338068068027496,0.18653517961502075,0.4299158602952957,0.6058535764682244,0.4375555792029444,0,1,NEWS_ECO,press_true,eco,<=2017,pt-PT,True,none,llm_local,False,False,False
